uniqueid,drugname,condition,rating,date,usefulcount
163740,Mirtazapine,Depression,10,2012-02-28,22
206473,Mesalamine,"Crohn's Disease, Maintenance",8,2009-05-17,17
159672,Bactrim,Urinary Tract Infection,9,2017-09-29,3
39293,Contrave,Weight Loss,9,2017-03-05,35
97768,Cyclafem 1 / 35,Birth Control,9,2015-10-22,4
208087,Zyclara,Keratosis,4,2014-07-03,13
215892,Copper,Birth Control,6,2016-06-06,1
169852,Amitriptyline,Migraine Prevention,9,2009-04-21,32
23295,Methadone,Opiate Withdrawal,7,2016-10-18,21
71428,Levora,Birth Control,2,2011-04-16,3
196802,Paroxetine,Hot Flashes,1,2017-02-22,17
31947,Miconazole,Vaginal Yeast Infection,6,2015-05-07,7
4907,Belviq,Weight Loss,1,2014-09-23,57
66736,Seroquel,Schizoaffective Disorde,10,2014-10-08,19
97013,Ambien,Insomnia,2,2015-01-13,44
213376,Nuvigil,Narcolepsy,9,2010-06-30,14
151674,Chantix,Smoking Cessation,10,2015-02-14,26
33173,Microgestin Fe 1 / 20,Acne,3,2017-06-22,1
30401,Klonopin,Bipolar Disorde,6,2009-07-14,24
152490,Ciprofloxacin,Urinary Tract Infection,10,2010-06-09,9
231397,Trazodone,Insomnia,1,2016-10-18,15
38116,EnteraGam,Irritable Bowel Syndrome,9,2015-01-01,43
102969,Aripiprazole,Bipolar Disorde,1,2010-02-10,27
12626,Cyclosporine,Keratoconjunctivitis Sicca,1,2015-12-31,17
190527,Oxybutynin,Hyperhidrosis,9,2017-05-30,10
229975,Lurasidone,Bipolar Disorde,6,2017-02-11,18
173391,Clonazepam,Panic Disorde,10,2008-04-19,47
35608,Ciclopirox,"Onychomycosis, Fingernail",8,2016-06-02,38
187230,Sodium oxybate,Narcolepsy,10,2013-01-10,19
211675,Lamotrigine,Bipolar Disorde,7,2017-11-22,1
79865,Blisovi Fe 1 / 20,Birth Control,10,2017-11-03,4
27607,Ivermectin,Rosacea,10,2016-04-01,19
207923,Suprep Bowel Prep Kit,Bowel Preparation,8,2015-02-18,15
156919,Movantik,"Constipation, Drug Induced",1,2016-08-26,24
77164,Lorcaserin,,5,2014-05-27,21
101149,Actos,"Diabetes, Type 2",4,2010-06-09,42
178004,Duloxetine,Pain,9,2012-03-27,32
60341,NuvaRing,Birth Control,7,2011-06-17,0
141462,Escitalopram,Depression,9,2014-04-29,32
133539,Tesamorelin,Lipodystrophy,3,2012-01-11,12
191095,Campral,Alcohol Dependence,10,2013-08-23,55
50229,Gabapentin,Bipolar Disorde,8,2014-09-24,75
130301,Levonorgestrel,Emergency Contraception,10,2013-12-28,20
101371,Aubra,Birth Control,1,2015-12-13,6
79569,Plan B One-Step,Emergency Contraception,8,2012-01-19,21
17957,Ethinyl estradiol / etonogestrel,Birth Control,10,2012-12-13,4
219567,Microgestin Fe 1.5 / 30,Birth Control,1,2016-10-31,4
171525,Wellbutrin,Major Depressive Disorde,8,2015-03-06,49
173027,Clonazepam,Anxiety,6,2013-03-24,20
202002,Benzoyl peroxide / clindamycin,Acne,4,2017-01-26,2
143003,Etonogestrel,Birth Control,3,2017-08-15,0
31908,Miconazole,Vaginal Yeast Infection,1,2015-07-23,5
3350,Nitrofurantoin,Bladder Infection,9,2016-01-06,7
226299,Etonogestrel,Birth Control,5,2015-08-28,7
190325,Ortho Tri-Cyclen Lo,Birth Control,9,2013-12-23,7
146651,Tamsulosin,Benign Prostatic Hyperplasia,6,2011-08-07,104
25240,Tofacitinib,Rheumatoid Arthritis,9,2013-12-20,75
5357,Cryselle,Endometriosis,7,2014-02-02,14
13407,Amphetamine / dextroamphetamine,ADHD,2,2015-05-20,57
46742,Clindamycin,Acne,8,2016-08-13,32
11464,Pramipexole,Restless Legs Syndrome,1,2016-06-04,16
124544,Skyla,Birth Control,10,2015-07-14,3
229996,Lastacaft,"Conjunctivitis, Allergic",1,2011-11-30,36
131523,Effexor XR,Anxiety,2,2017-08-27,13
209386,Nifedipine,Raynaud's Syndrome,1,2014-07-19,22
229572,Lurasidone,Schizophrenia,8,2015-02-19,26
105440,Afrezza,"Diabetes, Type 1",10,2015-02-12,125
201582,Zoloft,Depression,1,2013-01-14,51
158346,Ziprasidone,Schizophrenia,10,2008-04-20,33
159659,Bactrim,Kidney Infections,1,2017-12-06,0
15423,Ethinyl estradiol / norethindrone,Birth Control,3,2017-02-07,4
95748,Sertraline,Major Depressive Disorde,10,2014-11-02,88
6971,Aluminum chloride hexahydrate,Hyperhidrosis,7,2015-11-05,5
131683,Effexor XR,Depression,1,2016-04-24,18
188604,ParaGard,Birth Control,1,2016-01-29,4
19559,Pregabalin,Generalized Anxiety Disorde,10,2013-07-31,228
104580,Ethinyl estradiol / levonorgestrel,Birth Control,9,2011-07-16,4
26989,Ultram,Pain,10,2012-02-24,36
128575,Phentermine,Obesity,10,2015-06-07,5
122089,Venlafaxine,Depression,8,2010-12-13,36
191146,Campral,Alcohol Dependence,10,2009-11-12,80
120889,Venlafaxine,Depression,1,2017-10-12,5
167387,Levonorgestrel,Emergency Contraception,10,2016-03-20,14
204427,BuSpar,Anxiety,4,2015-09-13,17
58200,Acetaminophen / hydrocodone,Pain,8,2008-10-20,21
147575,Aviane,Birth Control,10,2011-01-11,9
181913,Inderal,Migraine Prevention,10,2015-01-29,45
177034,Promethazine,Nausea/Vomiting,10,2010-09-25,22
213569,Tioconazole,Vaginal Yeast Infection,3,2017-09-13,0
138243,Orthovisc,Osteoarthritis,1,2017-07-30,12
107660,Implanon,Birth Control,5,2010-07-09,1
34479,Marezine,Motion Sickness,10,2013-07-24,22
129438,Levonorgestrel,Birth Control,10,2015-08-26,1
102941,Aripiprazole,Bipolar Disorde,8,2010-09-26,16
167908,Minoxidil,High Blood Pressure,1,2016-01-04,10
56193,Humira,Psoriatic Arthritis,10,2017-05-21,4
159628,"Insulin inhalation, rapid acting","Diabetes, Type 1",1,2015-05-13,9
58280,Acetaminophen / hydrocodone,Pain,9,2008-04-16,15
38461,Phenazopyridine,Interstitial Cystitis,10,2013-07-12,34
128928,Levonorgestrel,Birth Control,10,2015-12-12,0
41991,Clonidine,ADHD,10,2011-04-30,159
85618,Ethinyl estradiol / norgestimate,Birth Control,4,2014-07-20,35
62652,Nicoderm CQ,Smoking Cessation,10,2017-02-24,14
129850,Levonorgestrel,Emergency Contraception,8,2015-04-27,9
103401,Celecoxib,Osteoarthritis,1,2009-02-12,35
45260,Fluoxetine,Major Depressive Disorde,10,2015-11-23,58
222701,Topamax,Migraine Prevention,1,2015-09-14,31
218886,Depakote,Bipolar Disorde,8,2012-01-22,22
224062,Riboflavin,Migraine Prevention,8,2011-08-24,22
9723,Lo Loestrin Fe,Birth Control,1,2015-10-02,3
215685,Copper,Birth Control,5,2017-04-11,6
188968,Drospirenone / estradiol,Postmenopausal Symptoms,10,2017-06-02,7
224823,Bupropion,Depression,4,2017-01-13,15
169168,Bacitracin / neomycin / polymyxin b,Bacterial Skin Infection,10,2017-04-30,0
138742,Phentermine,Weight Loss,9,2011-05-18,19
81226,Yaz,Birth Control,2,2016-12-04,4
215782,Copper,Birth Control,10,2016-11-17,24
219697,Amitriptyline,ibromyalgia,1,2017-11-30,0
168177,Jolessa,Birth Control,9,2009-07-19,5
21821,Guaifenesin / pseudoephedrine,Cough and Nasal Congestion,9,2011-10-14,12
189728,Oxycodone,Pain,10,2008-09-10,60
108899,Nexplanon,Birth Control,3,2017-07-04,2
224904,Bupropion,Depression,5,2016-09-04,11
135063,Brisdelle,Hot Flashes,2,2016-01-30,15
225258,Bupropion,Smoking Cessation,10,2015-10-07,11
6760,Beyaz,Acne,10,2012-08-14,12
9695,Lo Loestrin Fe,Birth Control,10,2015-09-10,10
44179,Ethinyl estradiol / norgestimate,Birth Control,5,2011-08-07,2
65334,Yasmin,Acne,10,2016-02-08,21
225793,Bupropion,ADHD,10,2011-06-15,224
201017,Zoloft,Depression,2,2017-06-28,14
134836,Nucynta ER,Diabetic Peripheral Neuropathy,1,2016-07-22,14
181313,Prozac,Major Depressive Disorde,1,2015-11-17,24
204311,BuSpar,Anxiety,3,2016-12-31,21
167965,Kariva,Birth Control,6,2009-11-17,4
140925,Escitalopram,Depression,10,2015-12-21,63
33560,Microgestin Fe 1 / 20,12</span> users found this comment helpful.,9,2012-12-24,12
81808,Liraglutide,"Diabetes, Type 2",9,2017-03-30,26
223540,Sutent,Renal Cell Carcinoma,9,2010-12-23,80
15168,Ethinyl estradiol / norethindrone,Birth Control,8,2017-05-18,6
72043,Tramadol,Pain,1,2015-06-02,18
53685,Tylenol with Codeine #3,Pain,1,2017-04-18,2
204466,BuSpar,Panic Disorde,10,2014-10-26,84
70808,Magnesium citrate,Constipation,10,2017-02-17,16
214538,Tioconazole,Vaginal Yeast Infection,10,2015-04-11,22
230576,Depo-Provera,Birth Control,6,2011-04-15,2
192374,Drospirenone / ethinyl estradiol,,4,2015-04-13,8
187095,Safyral,Birth Control,5,2015-07-12,2
165665,Levonorgestrel,Emergency Contraception,10,2017-04-20,2
131772,Effexor XR,Depression,10,2015-12-24,28
176098,Desyrel,Insomnia,6,2012-02-07,26
103111,Glyburide,"Diabetes, Type 2",9,2013-07-10,11
214584,Escitalopram,Generalized Anxiety Disorde,10,2017-11-25,6
58995,Aldesleukin,Renal Cell Carcinoma,10,2010-09-13,13
201473,Zoloft,Social Anxiety Disorde,8,2015-02-24,47
186353,Desvenlafaxine,Depression,3,2012-01-15,7
165767,Levonorgestrel,,7,2017-04-03,0
192633,Drospirenone / ethinyl estradiol,Birth Control,4,2012-01-17,7
165109,Phentermine / topiramate,Obesity,10,2014-05-29,48
205428,Pristiq,Major Depressive Disorde,3,2015-04-09,11
229587,Lurasidone,Bipolar Disorde,5,2015-07-05,0
31465,Miconazole,Vaginal Yeast Infection,3,2016-04-21,3
136044,Acamprosate,Alcohol Dependence,10,2010-10-25,62
10545,Spironolactone,Acne,10,2015-01-12,82
180154,Doxylamine / pyridoxine,Nausea/Vomiting of Pregnancy,3,2017-01-18,6
53409,Demerol,Pain,10,2009-09-15,32
37326,Vyvanse,Binge Eating Disorde,8,2015-10-15,18
230601,Depo-Provera,Birth Control,10,2011-09-05,3
5486,Sovaldi,Hepatitis C,9,2016-01-11,9
64109,Sertraline,Depression,3,2017-04-28,12
70424,Motrin IB,Back Pain,9,2009-06-10,20
66458,Valacyclovir,Cold Sores,9,2011-11-12,7
14420,Buprenorphine / naloxone,Opiate Dependence,10,2010-08-07,16
198057,Metoprolol,Heart Attack,5,2011-05-23,14
205505,Pristiq,Depression,7,2013-11-10,81
120460,Montelukast,Asthma,9,2009-09-03,7
221339,Dextromethorphan,Cough,2,2016-10-25,10
171255,Levitra,Erectile Dysfunction,4,2017-09-14,2
195055,Restoril,Insomnia,1,2015-06-06,23
75416,Azathioprine,Autoimmune Hepatitis,10,2016-03-14,10
179764,Adapalene / benzoyl peroxide,Acne,2,2016-01-12,1
210167,Linzess,"Constipation, Chronic",10,2017-02-24,25
194809,Levetiracetam,Seizures,9,2016-12-07,28
221626,Ziana,Acne,10,2012-04-24,30
145956,Suboxone,Opiate Dependence,5,2017-05-29,19
110030,Nexplanon,Birth Control,9,2016-05-05,2
135690,Tinidazole,Bacterial Vaginitis,5,2014-08-31,12
115272,Diazepam,Not Listed / Othe,10,2009-04-02,9
10485,Spironolactone,Acne,9,2016-04-17,7
170238,Quetiapine,Bipolar Disorde,9,2016-08-17,23
113665,Acetaminophen / butalbital / caffeine,Headache,10,2009-01-12,30
14924,Ethinyl estradiol / norethindrone,Birth Control,5,2017-09-11,2
223117,Estradiol,Postmenopausal Symptoms,10,2016-02-20,11
106073,Gabapentin,ibromyalgia,9,2016-05-17,43
188723,ParaGard,Birth Control,10,2015-06-24,7
115374,Propofol,Anesthesia,10,2016-04-16,9
199475,Depo-Provera,Birth Control,9,2015-03-06,1
66036,Propranolol,mance Anxiety,10,2014-10-23,59
179979,Adapalene / benzoyl peroxide,Acne,9,2014-03-12,27
16674,Yaz,Menstrual Disorders,8,2009-10-01,8
35120,Levofloxacin,Pneumonia,1,2016-05-27,4
169001,Vilazodone,Depression,10,2012-06-22,25
157670,Accutane,Acne,10,2016-05-11,28
225775,Bupropion,Depression,10,2012-08-05,41
68412,Nalbuphine,Pain,7,2016-05-19,1
28898,Lexapro,Depression,10,2009-07-14,13
170146,Quetiapine,Generalized Anxiety Disorde,9,2017-04-10,25
57137,MiraLax,"Constipation, Acute",10,2011-06-13,142
173112,Clonazepam,Anxiety,10,2011-08-16,31
224041,Phenobarbital,Seizures,9,2016-12-02,5
166983,Levonorgestrel,Birth Control,9,2016-06-25,3
133232,Tri-Sprintec,0</span> users found this comment helpful.,5,2011-12-20,0
1103,Metronidazole,Rosacea,9,2012-02-29,110
72195,Tramadol,Chronic Pain,9,2014-05-31,20
197824,Metoprolol,Benign Essential Trem,9,2017-02-19,4
36268,Imiquimod,Human Papilloma Virus,8,2015-11-02,12
206605,Caffeine,Hypersomnia,8,2012-04-15,28
165916,Levonorgestrel,Birth Control,10,2017-03-05,7
227136,Etonogestrel,Birth Control,8,2014-05-24,29
32246,Lisinopril,Diabetic Kidney Disease,1,2017-07-07,3
80198,Benzonatate,Cough,10,2009-09-30,21
115012,Diazepam,Meniere's Disease,10,2015-11-14,52
159489,Ayr Saline Nasal,Nasal Congestion,4,2016-09-11,1
121298,Venlafaxine,Depression,1,2016-06-15,24
217603,Clarithromycin,Pneumonia,9,2011-02-26,20
137706,Enbrel,Psoriatic Arthritis,8,2016-09-19,11
15765,Ethinyl estradiol / norethindrone,Birth Control,3,2016-09-26,0
24509,Polyethylene glycol 3350 with electrolytes,Bowel Preparation,10,2016-03-17,42
107693,Implanon,Birth Control,5,2010-05-05,1
50635,Gabapentin,Pain,9,2010-05-09,37
33395,Microgestin Fe 1 / 20,Birth Control,2,2015-10-21,3
133845,Restasis,Keratoconjunctivitis Sicca,1,2015-10-06,31
4554,Belviq,Weight Loss,7,2016-03-30,25
214067,Tioconazole,Vaginal Yeast Infection,1,2016-04-24,5
188073,Symbyax,Bipolar Disorde,7,2008-12-28,17
118748,Zoloft,Depression,1,2012-11-16,44
118795,Zoloft,Obsessive Compulsive Disorde,9,2012-03-01,90
168672,Vilazodone,Major Depressive Disorde,3,2016-04-22,15
24298,Tretinoin,Acne,8,2008-10-31,68
46619,Gleevec,Chronic Myelogenous Leukemia,10,2014-09-12,5
186587,Desvenlafaxine,Depression,7,2009-12-30,175
98320,Nexplanon,Birth Control,9,2015-03-31,0
156401,Ropinirole,Restless Legs Syndrome,10,2011-06-13,4
195537,Aviane,Birth Control,3,2015-10-05,4
230361,Depo-Provera,Endometriosis,7,2014-03-24,40
106078,Gabapentin,Anxiety,8,2016-05-09,66
104260,Ethinyl estradiol / levonorgestrel,Birth Control,8,2012-11-05,8
17953,Ethinyl estradiol / etonogestrel,Birth Control,9,2012-12-25,3
83706,Clomiphene,emale Infertility,10,2015-06-16,171
117213,Clotrimazole,Oral Thrush,2,2016-01-30,8
29210,Topiramate,Migraine Prevention,6,2016-09-21,9
145099,Etonogestrel,Birth Control,1,2015-11-08,9
96970,Ambien,Insomnia,10,2015-11-14,14
37351,Vyvanse,ADHD,8,2015-07-06,36
164015,Fluorouracil,Actinic Keratosis,10,2016-10-18,10
99363,Genvoya,HIV Infection,10,2017-09-24,3
72178,Tramadol,Pain,9,2014-08-01,73
190911,Tessalon Perles,Cough,9,2015-01-04,63
140329,Asenapine,Bipolar Disorde,10,2011-06-24,11
112356,Gabapentin,Anxiety,1,2016-11-24,40
51992,Adipex-P,Weight Loss,8,2015-06-03,37
104100,Ethinyl estradiol / levonorgestrel,Birth Control,10,2013-10-02,5
207893,Suprep Bowel Prep Kit,Bowel Preparation,8,2015-07-23,15
214843,Prenatal Plus,Vitamin/Mineral Supplementation during Pregnancy/Lactation,10,2011-10-04,19
167823,Keflex,Bacterial Infection,9,2015-03-26,58
22756,Vitamin D2,Vitamin D Deficiency,10,2009-10-18,150
17131,Flexeril,Sciatica,9,2012-12-24,101
126217,Viibryd,Depression,10,2012-04-20,70
71206,Lysteda,Menstrual Disorders,10,2013-07-12,117
29756,Topiramate,Migraine Prevention,4,2009-11-28,14
194346,Omnicef,Otitis Media,1,2009-04-13,11
175354,Augmentin,Skin or Soft Tissue Infection,2,2017-09-03,1
191287,Pentasa,Crohn's Disease,10,2014-03-11,6
70362,Zofran,Nausea/Vomiting,7,2010-02-21,15
103669,Kapidex,GERD,1,2009-06-10,21
219262,Serzone,Depression,10,2009-12-17,59
85190,Ethinyl estradiol / norgestimate,Birth Control,9,2015-08-31,10
201089,Zoloft,Depression,4,2017-01-25,16
20355,Hyoscyamine / methenamine / methylene blue / phenyl salicylate,Urinary Tract Infection,2,2017-11-04,0
161518,Diphenhydramine,Insomnia,3,2009-02-11,14
34603,Minocycline,Rheumatoid Arthritis,4,2017-03-20,2
187531,Monistat 3-Day Combination Pack,Vaginal Yeast Infection,2,2016-03-29,5
211618,Pitocin,Labor Induction,10,2014-08-15,16
130982,Levonorgestrel,Birth Control,1,2010-05-07,470
69918,Pyridostigmine,Myasthenia Gravis,8,2011-06-12,20
187562,Naprosyn,Back Pain,9,2012-08-28,30
188119,Elocon,Psoriasis,8,2008-10-02,38
116135,Clindamycin,Skin or Soft Tissue Infection,8,2017-01-09,8
134925,Pazopanib,Soft Tissue Sarcoma,10,2014-09-26,61
123696,Skyla,Birth Control,1,2017-03-07,2
162181,Denosumab,Osteoporosis,1,2016-06-27,157
112931,Bisacodyl,Constipation,10,2016-12-16,0
82840,Paxil,Anxiety,10,2016-10-26,58
114731,Methotrexate,Psoriasis,9,2014-05-06,86
26463,Sprintec,Ovarian Cysts,3,2015-01-18,12
227344,Etonogestrel,Birth Control,1,2013-10-23,3
152480,Ciprofloxacin,Kidney Infections,10,2010-11-09,26
130786,Levonorgestrel,Birth Control,3,2011-11-07,0
38072,Adipex-P,Weight Loss,1,2016-01-23,11
81626,Liraglutide,Weight Loss,10,2017-07-07,12
176057,Buprenex,Pain,10,2011-06-16,15
123346,Apri,Birth Control,7,2013-05-16,5
107567,Implanon,Birth Control,10,2010-11-23,2
21389,Benzoyl peroxide / erythromycin,Acne,8,2017-05-30,2
154831,Metronidazole,Giardiasis,5,2017-05-04,0
145518,Qsymia,Weight Loss,10,2016-11-03,69
28807,Lexapro,Depression,8,2009-11-06,20
92082,Lyrica,ibromyalgia,9,2013-02-26,68
94171,Trintellix,Depression,9,2015-10-31,48
155506,Metronidazole,Diverticulitis,10,2014-12-12,30
30163,Klonopin,Anxiety,9,2015-07-10,51
204329,BuSpar,Anxiety,3,2017-07-24,21
208349,Oseltamivir,Influenza,10,2016-02-04,5
32998,Seasonique,Abnormal Uterine Bleeding,2,2015-05-07,8
212684,Niravam,Anxiety,10,2011-06-24,38
187972,Etonogestrel,Birth Control,10,2017-10-11,4
89158,Celexa,Anxiety and Stress,7,2017-03-05,62
187715,Codeine / guaifenesin,Cough,10,2010-03-22,28
224859,Bupropion,Depression,10,2016-10-26,145
30417,Klonopin,Anxiety,10,2009-10-30,84
10478,Spironolactone,Acne,9,2016-05-17,5
59972,NuvaRing,Birth Control,1,2015-07-17,9
34908,Minocycline,Acne,10,2015-07-05,15
79437,Plan B One-Step,Emergency Contraception,10,2015-05-04,24
9061,Cefuroxime,Sinusitis,10,2016-10-15,31
137998,Ortho Evra,Birth Control,7,2015-11-16,1
45774,Fluoxetine,Panic Disorde,3,2011-07-19,3
7953,Xanax,Anxiety,9,2012-04-27,32
92592,Ondansetron,Gastroenteritis,10,2009-04-26,66
156591,Dulaglutide,"Diabetes, Type 2",1,2017-05-18,12
25584,Supartz,Osteoarthritis,3,2016-04-04,20
87535,Naproxen,Period Pain,7,2015-10-19,9
53673,Alesse,Birth Control,6,2009-08-18,15
24171,Tretinoin,Acne,10,2015-10-06,16
97320,Ambien,Insomnia,6,2009-10-04,35
100825,Orlistat,Obesity,9,2015-11-18,35
219535,Microgestin Fe 1.5 / 30,Birth Control,9,2015-07-26,5
81176,Yaz,Birth Control,3,2017-08-10,10
105726,Methylprednisolone,Inflammatory Conditions,7,2014-08-13,22
182710,Cymbalta,Osteoarthritis,3,2017-07-02,8
109035,Nexplanon,Birth Control,1,2017-05-12,4
116614,Aspirin / carisoprodol,Muscle Pain,7,2016-03-11,0
217400,Clarithromycin,Pneumonia,10,2016-02-10,20
184770,Canagliflozin,"Diabetes, Type 2",6,2017-11-11,0
203523,Nasonex,Allergic Rhinitis,9,2015-08-29,4
189422,Oxycodone,Pain,9,2012-03-11,27
37359,Vyvanse,ADHD,8,2015-05-01,28
33815,Junel Fe 1 / 20,Birth Control,1,2017-04-08,6
60892,Kombiglyze XR,6</span> users found this comment helpful.,10,2012-10-04,6
35380,Levofloxacin,Sinusitis,10,2011-01-09,42
159532,Pegfilgrastim,Neutropenia Associated with Chemotherapy,8,2016-01-20,13
139178,Phentermine,Weight Loss,10,2008-09-09,50
129061,Levonorgestrel,Emergency Contraception,10,2015-11-12,13
32615,Lisinopril,High Blood Pressure,10,2009-09-09,13
58718,Azelaic acid,Rosacea,2,2016-11-27,6
148790,Mirena,Birth Control,1,2016-05-04,2
203871,Suvorexant,Insomnia,1,2016-02-18,16
212539,Lysine,"Herpes Simplex, Suppression",8,2017-09-22,6
177996,Duloxetine,Pain,1,2012-04-24,32
154285,Nexium,GERD,6,2010-01-25,22
33923,Junel Fe 1 / 20,Menstrual Disorders,2,2015-06-03,5
61402,Citalopram,Anxiety and Stress,10,2017-07-29,206
221103,Drysol,Hyperhidrosis,10,2016-05-09,14
30750,Miconazole,Vaginal Yeast Infection,1,2017-08-08,4
209020,Corticotropin,Multiple Sclerosis,1,2015-10-03,3
80264,Benzonatate,Cough,10,2015-12-17,10
210901,Mirtazapine,Depression,10,2016-02-02,44
28121,Lexapro,Generalized Anxiety Disorde,10,2015-09-18,77
66762,Seroquel,24</span> users found this comment helpful.,9,2013-09-19,24
98350,Nexplanon,Birth Control,9,2015-04-23,5
189698,Oxycodone,Pain,10,2009-07-08,42
56849,Meclizine,Vertig,9,2009-07-22,46
162715,Cefdinir,Sinusitis,10,2017-11-04,0
218532,Tri-Sprintec,Birth Control,10,2017-08-08,2
106428,Implanon,Birth Control,7,2016-05-02,8
61511,Citalopram,Depression,1,2017-05-13,8
101714,Methocarbamol,Muscle Spasm,1,2015-11-11,4
96811,Ambien,Insomnia,8,2016-11-21,25
51100,Azithromycin,Bronchitis,8,2016-07-28,9
218632,Tri-Sprintec,Birth Control,1,2016-05-03,3
13171,Sinemet,Restless Legs Syndrome,7,2015-08-30,12
164009,Fluorouracil,Actinic Keratosis,3,2017-01-06,7
38813,Esomeprazole,GERD,9,2014-11-28,76
134165,Prednisone,Asthma,1,2016-04-30,18
36834,Fentanyl,Pain,8,2008-08-12,7
194727,Pseudoephedrine,Nasal Congestion,8,2017-06-25,4
161188,Risperidone,Autism,9,2010-05-02,44
34471,Alpha 1-proteinase inhibitor,Alpha-1 Proteinase Inhibitor Deficiency,10,2008-11-15,11
165298,Phentermine / topiramate,Weight Loss,10,2013-03-03,113
221053,Junel Fe 1.5 / 30,Birth Control,1,2017-04-06,4
148989,Mirena,Birth Control,9,2015-10-02,12
215610,Copper,Birth Control,1,2017-06-27,6
116000,Divalproex sodium,Bipolar Disorde,7,2012-06-20,48
212446,Lamotrigine,Bipolar Disorde,10,2009-01-16,73
115738,Pravastatin,High Cholesterol,5,2011-11-29,283
220353,Amitriptyline,Anxiety and Stress,4,2014-02-13,62
12887,Vardenafil,Erectile Dysfunction,7,2016-10-14,17
94677,Abilify,Bipolar Disorde,2,2015-08-14,10
114107,Amlodipine,High Blood Pressure,2,2015-02-01,89
173111,Clonazepam,Restless Legs Syndrome,10,2011-08-26,28
124031,Skyla,Birth Control,5,2016-06-16,1
126410,Carvedilol,High Blood Pressure,9,2013-02-19,59
61207,Xyzal,Urticaria,10,2011-08-25,32
97581,Budeprion SR,Depression,8,2016-11-08,7
169744,Amitriptyline,ibromyalgia,2,2011-01-17,46
185981,Desvenlafaxine,Depression,5,2017-01-10,5
216769,Rosuvastatin,High Cholesterol,8,2014-03-27,90
138923,Phentermine,Weight Loss,8,2009-12-06,7
178597,Victoza,Weight Loss,4,2017-05-17,17
50289,Gabapentin,Anxiety,10,2014-04-25,199
148728,Mirena,Birth Control,10,2016-08-17,8
135893,Percocet,Pain,10,2011-02-17,4
38995,Contrave,Weight Loss,8,2017-08-15,27
11713,Trulicity,"Diabetes, Type 2",3,2017-03-20,67
49422,Ethinyl estradiol / levonorgestrel,Birth Control,2,2016-02-26,1
37729,Vyvanse,ADHD,10,2008-08-15,182
33854,Junel Fe 1 / 20,Birth Control,10,2016-06-17,9
62983,Tranexamic acid,Menstrual Disorders,10,2017-06-01,31
39589,Contrave,Obesity,9,2016-02-03,23
109920,Nexplanon,Birth Control,1,2016-06-07,2
128788,Phentermine,Weight Loss,10,2015-01-24,91
59600,NuvaRing,Birth Control,1,2017-11-20,0
221482,Dextromethorphan,Cough,10,2014-10-04,13
34020,Junel Fe 1 / 20,Acne,6,2011-08-13,16
6703,Paxil CR,Panic Disorde,1,2016-06-09,3
52042,Adipex-P,Weight Loss,10,2014-11-16,212
188701,ParaGard,Birth Control,9,2015-12-16,6
151305,OxyContin,Pain,10,2008-06-17,134
31769,Miconazole,Vaginal Yeast Infection,3,2015-11-26,11
19076,Chlordiazepoxide,Anxiety,3,2009-06-08,28
179410,Olanzapine,Bipolar Disorde,9,2011-10-26,36
9532,Lo Loestrin Fe,Birth Control,1,2016-05-03,5
165657,Levonorgestrel,Emergency Contraception,5,2017-04-22,3
201205,Zoloft,Major Depressive Disorde,5,2016-08-28,11
153732,Doxycycline,Acne,7,2009-08-03,11
195429,Aviane,Birth Control,7,2017-09-05,2
173580,CellCept,Systemic Lupus Erythematosus,8,2009-10-26,38
212161,Lamotrigine,Bipolar Disorde,10,2015-04-09,9
138646,Phentermine,Weight Loss,5,2012-03-08,1
184605,Imodium A-D,Diarrhea,10,2011-09-15,46
189119,Oxycodone,Pain,9,2017-10-16,5
75490,Azathioprine,"Crohn's Disease, Acute",2,2010-09-12,6
222923,Topamax,Migraine Prevention,10,2010-01-09,3
144633,Etonogestrel,Birth Control,8,2016-02-29,4
153744,Doxycycline,Acne,4,2009-05-11,19
211529,Cobicistat / elvitegravir / emtricitabine / tenofovir alafenamide,HIV Infection,7,2017-01-20,5
79066,Plan B One-Step,Emergency Contraception,5,2017-02-22,4
144905,Etonogestrel,Birth Control,10,2016-01-09,6
90693,Chateal,Birth Control,1,2016-08-21,1
168284,Rizatriptan,Migraine,10,2015-05-10,12
188570,ParaGard,Birth Control,9,2016-11-10,0
217916,Strattera,Social Anxiety Disorde,8,2008-11-08,15
7333,Monistat 7-Day Combination Pack,Vaginal Yeast Infection,1,2017-07-06,11
10544,Spironolactone,Acne,10,2015-01-21,36
66244,Valacyclovir,"Herpes Simplex, Suppression",1,2016-11-17,9
72037,Tramadol,Depression,10,2015-06-08,121
193405,Cyclobenzaprine,Muscle Spasm,10,2013-01-07,34
140520,Escitalopram,Anxiety,10,2017-01-18,13
25898,Ethinyl estradiol / norelgestromin,Birth Control,8,2008-05-20,73
26515,Sprintec,Birth Control,10,2013-11-05,10
71586,Uptravi,Pulmonary Hypertension,6,2016-04-07,13
126657,Eletriptan,Migraine,10,2014-05-18,10
134107,Prednisone,Rheumatoid Arthritis,5,2017-04-29,8
123828,Skyla,Birth Control,10,2017-01-23,1
136884,Isotretinoin,Acne,10,2017-08-08,7
32471,Lisinopril,High Blood Pressure,4,2014-05-28,75
75032,Nitrofurantoin,Bladder Infection,5,2009-09-13,14
171383,Wellbutrin,Depression,9,2016-12-12,57
18789,Rosula,Rosacea,10,2012-03-14,12
145619,Qsymia,Obesity,8,2016-01-14,19
163923,Methyldopa,High Blood Pressure,3,2009-09-01,24
188502,ParaGard,Birth Control,5,2016-07-09,4
118413,Fetzima,Depression,10,2016-05-09,75
122708,Linaclotide,"Constipation, Chronic",6,2015-06-26,19
130482,Levonorgestrel,Birth Control,8,2012-11-29,9
3379,Nitrofurantoin,Bladder Infection,8,2016-02-13,5
188937,Arimidex,Breast Cance,9,2014-09-30,101
225533,Bupropion,Depression,9,2014-01-05,124
92623,Ondansetron,Nausea/Vomiting,9,2011-09-15,69
196510,Eszopiclone,Insomnia,10,2010-07-08,30
10803,Mononessa,Birth Control,4,2015-05-22,6
29834,Topiramate,Seizure Prevention,7,2009-02-19,29
107380,Implanon,Birth Control,9,2011-10-21,0
148200,Norethindrone,Abnormal Uterine Bleeding,3,2014-01-24,32
397,Medroxyprogesterone,Abnormal Uterine Bleeding,1,2015-06-30,4
117061,Synvisc-One,Osteoarthritis,1,2017-03-02,20
42798,Xulane,Birth Control,9,2017-03-14,6
161682,Remeron,Major Depressive Disorde,8,2015-11-18,49
170366,Quetiapine,Borderline Personality Disorde,10,2016-02-22,36
126043,Viibryd,Depression,10,2013-08-19,80
212590,Pamelor,Migraine Prevention,6,2013-01-28,57
7744,Xanax,Depression,10,2013-11-03,193
73784,Ethinyl estradiol / norethindrone,Birth Control,2,2012-07-18,25
227574,Etonogestrel,Birth Control,2,2012-08-19,1
20802,Orphenadrine,Muscle Spasm,7,2012-04-01,32
12695,Etanercept,Rheumatoid Arthritis,3,2015-05-31,35
54827,Bupropion / naltrexone,Weight Loss,9,2017-02-16,30
230865,Milnacipran,ibromyalgia,9,2015-09-07,38
30138,Klonopin,Bipolar Disorde,10,2013-09-27,23
151470,Chantix,Smoking Cessation,10,2016-04-05,34
43861,Acetaminophen / codeine,Osteoarthritis,10,2017-03-29,5
199520,Penicillin v potassium,Rat-bite Feve,9,2008-03-31,5
200490,Varenicline,Smoking Cessation,1,2012-04-11,12
55376,Bupropion / naltrexone,Obesity,10,2015-11-05,13
107359,Implanon,Birth Control,10,2011-11-08,0
113326,Bisacodyl,Constipation,5,2015-08-08,5
216650,Advair Diskus,"COPD, Maintenance",9,2016-12-15,9
156004,Cialis,Erectile Dysfunction,8,2016-04-06,38
25718,Ethinyl estradiol / norelgestromin,Birth Control,8,2014-02-24,29
229124,Tadalafil,Not Listed / Othe,10,2011-11-23,0
179369,Olanzapine,Bipolar Disorde,1,2013-03-11,30
228992,Tadalafil,Erectile Dysfunction,10,2015-07-25,44
30262,Klonopin,Seizure Prevention,10,2012-08-07,15
56334,Humira,Rheumatoid Arthritis,8,2015-03-31,41
147206,Alprazolam,Anxiety,10,2013-03-02,61
172392,Clonazepam,Anxiety,8,2016-11-04,16
53941,Minoxidil,Alopecia,9,2017-03-22,18
156605,Dulaglutide,"Diabetes, Type 2",10,2017-03-04,18
100563,Desogestrel / ethinyl estradiol,Birth Control,9,2011-08-04,5
207508,Suprep Bowel Prep Kit,Bowel Preparation,10,2016-09-19,26
130195,Levonorgestrel,Birth Control,9,2014-06-10,48
130146,Levonorgestrel,Emergency Contraception,8,2014-08-19,33
2007,Metformin,"Diabetes, Type 2",2,2017-06-04,7
38334,Phenazopyridine,Dysuria,9,2015-08-14,15
49123,Ethinyl estradiol / levonorgestrel,Birth Control,4,2016-08-06,4
229977,Duofilm,Warts,10,2016-09-14,0
165941,Levonorgestrel,Emergency Contraception,8,2017-02-26,1
178305,Duloxetine,Pain,1,2010-01-16,126
165661,Levonorgestrel,Birth Control,1,2017-04-21,4
172669,Clonazepam,Anxiety,2,2015-07-13,3
140376,Sprycel,Leukemia,1,2017-10-15,0
113211,Bisacodyl,Constipation,2,2016-01-29,8
163087,ella,Emergency Contraception,10,2016-11-28,7
216749,Rosuvastatin,High Cholesterol,4,2016-05-26,62
30240,Klonopin,Panic Disorde,9,2012-12-18,67
227414,Etonogestrel,Birth Control,10,2013-06-19,11
43103,Sronyx,Abnormal Uterine Bleeding,3,2015-06-24,3
82704,Paxil,Anxiety,8,2017-07-24,25
106348,Implanon,Birth Control,10,2016-11-17,12
126177,Viibryd,Depression,2,2012-05-24,23
190388,Ortho Tri-Cyclen Lo,Birth Control,10,2011-11-27,1
39162,Contrave,Weight Loss,9,2017-05-03,12
200959,Alcaftadine,"Conjunctivitis, Allergic",1,2013-07-26,32
150524,Sulfamethoxazole / trimethoprim,Urinary Tract Infection,2,2016-09-09,5
224491,Levothyroxine,Underactive Thyroid,8,2015-01-20,48
126461,Kineret,Still's Disease,7,2010-03-05,7
186989,Nature-Throid,Hashimoto's disease,10,2016-09-22,55
129764,Levonorgestrel,Birth Control,2,2015-05-20,11
171089,Quetiapine,Bipolar Disorde,5,2009-03-11,27
213907,Tioconazole,Vaginal Yeast Infection,6,2016-11-11,5
115535,Propofol,Anesthesia,5,2009-08-25,7
154728,Metronidazole,Bacterial Vaginitis,5,2017-06-08,4
188049,Cholestyramine,Irritable Bowel Syndrome,10,2010-09-11,76
195598,Aviane,Birth Control,8,2014-11-30,7
199346,Depo-Provera,Birth Control,9,2015-05-04,12
122574,Linaclotide,"Constipation, Chronic",10,2016-08-27,22
227829,Etonogestrel,Birth Control,10,2011-10-12,1
166987,Levonorgestrel,Birth Control,9,2016-06-24,0
25309,Flector Patch,Pain,10,2015-11-04,24
132762,Prochlorperazine,Nausea/Vomiting,1,2017-03-14,5
80638,Zovia,Birth Control,8,2010-06-07,7
50870,Azithromycin,Sinusitis,9,2017-05-30,1
17352,Toprol-XL,Mitral Valve Prolapse,8,2011-05-03,36
68632,Medroxyprogesterone,Abnormal Uterine Bleeding,1,2017-05-31,8
34741,Minocycline,Acne,4,2015-05-28,2
232090,Perampanel,Epilepsy,1,2017-03-29,5
62863,Cozaar,High Blood Pressure,9,2013-01-14,163
162419,Acetaminophen / dexbrompheniramine / pseudoephedrine,Allergic Rhinitis,10,2008-06-12,0
174909,AndroGel,"Hypogonadism, Male",10,2010-01-31,101
100025,Desogestrel / ethinyl estradiol,Birth Control,3,2017-05-10,0
123041,Avinza,Pain,9,2009-12-15,19
140747,Escitalopram,Anxiety,8,2016-07-22,39
156099,Cialis,9</span> users found this comment helpful.,10,2011-05-03,9
132389,Ativan,Anxiety,10,2009-11-16,24
105981,Atomoxetine,ADHD,4,2015-04-28,19
107191,Implanon,Birth Control,9,2012-04-30,0
77080,Lorcaserin,Obesity,10,2015-01-26,50
18206,Ethinyl estradiol / etonogestrel,Birth Control,8,2009-11-22,2
57361,Oxymorphone,Pain,10,2012-02-05,58
64431,Sertraline,Obsessive Compulsive Disorde,5,2016-06-22,12
110546,Nexplanon,Birth Control,9,2015-12-22,4
23862,Saphris,Bipolar Disorde,9,2014-06-29,37
211368,Mirabegron,Overactive Bladde,9,2013-09-18,104
49991,Gabapentin,Peripheral Neuropathy,7,2016-02-12,18
22471,Pramoxine,Pain,2,2017-10-20,0
176789,Alphagan P,"Glaucoma, Open Angle",2,2014-04-21,5
121277,Venlafaxine,Major Depressive Disorde,10,2016-07-08,30
227160,Etonogestrel,Birth Control,7,2014-04-09,10
17034,Phillips' Milk of Magnesia,Constipation,10,2016-05-19,25
227453,Etonogestrel,Birth Control,9,2013-04-28,8
62702,Citalopram,Depression,9,2009-07-21,4
1509,Eluxadoline,Irritable Bowel Syndrome,9,2017-08-23,11
177493,Duloxetine,Depression,8,2016-02-28,21
80181,Benzonatate,Cough,10,2013-12-01,81
104625,Ethinyl estradiol / levonorgestrel,Birth Control,10,2011-05-02,3
101806,Terbinafine,"Onychomycosis, Toenail",5,2015-03-23,16
203339,Indomethacin,Cluster Headaches,9,2015-07-12,9
171477,Wellbutrin,Depression,10,2015-10-04,88
30055,Klonopin,Anxiety,10,2015-08-07,70
86886,Latuda,Bipolar Disorde,5,2017-03-18,11
4295,Belviq,Weight Loss,7,2017-05-26,43
206328,Mesalamine,Ulcerative Colitis,10,2014-02-23,13
143879,Etonogestrel,Birth Control,8,2016-08-31,6
150983,Sulfamethoxazole / trimethoprim,Bacterial Skin Infection,10,2009-05-02,40
68056,Plan B,Emergency Contraception,9,2016-01-14,3
23079,Apremilast,Psoriatic Arthritis,8,2016-01-01,25
225323,Bupropion,Smoking Cessation,9,2015-04-16,34
90920,Norco,Back Pain,8,2014-03-21,32
89598,Celexa,Depression,10,2011-12-19,43
165170,Phentermine / topiramate,Weight Loss,10,2015-06-29,64
163112,ella,Emergency Contraception,10,2017-08-14,9
40284,Savella,ibromyalgia,9,2013-03-23,114
142359,Levonorgestrel,Birth Control,1,2017-10-18,3
112793,Bisacodyl,Constipation,8,2017-07-08,6
64412,Sertraline,Depression,6,2016-08-23,3
14506,Buprenorphine / naloxone,Opiate Dependence,10,2009-08-13,12
154003,Vivitrol,Opiate Dependence,10,2015-03-04,63
219238,Ortho Cyclen,Birth Control,6,2013-10-17,4
172335,Clonazepam,Panic Disorde,8,2017-06-03,15
187081,Advair HFA,"Asthma, Maintenance",9,2015-07-23,2
91416,Anastrozole,Breast Cance,10,2014-02-26,154
79804,Xarelto,Deep Vein Thrombosis,10,2013-04-05,117
20412,Metformin / sitagliptin,min / sitagliptin),1,2009-09-07,44
28468,Lexapro,Anxiety,9,2013-06-08,54
208883,Belsomra,Insomnia,9,2015-10-29,31
158891,TriNessa,Birth Control,4,2017-06-25,1
136295,Prazosin,Post Traumatic Stress Disorde,10,2009-10-08,54
145757,Qsymia,Obesity,10,2014-09-27,113
133153,Tri-Sprintec,Birth Control,10,2014-02-03,25
120712,Dicyclomine,Irritable Bowel Syndrome,9,2013-07-24,108
66767,Seroquel,Bipolar Disorde,9,2013-08-11,39
143677,Etonogestrel,Birth Control,1,2016-12-16,16
136847,Sodium hyaluronate,Osteoarthritis,8,2012-06-12,33
179881,Adapalene / benzoyl peroxide,Acne,9,2015-04-06,8
139104,Phentermine,Weight Loss,10,2009-01-26,30
85903,Ethinyl estradiol / norgestimate,Birth Control,10,2012-09-20,8
204956,Toradol,Pain,9,2015-12-03,5
63415,Epiduo,Acne,10,2016-07-06,8
134426,Prednisone,Bursitis,9,2012-01-03,41
152492,Ciprofloxacin,Prostatitis,3,2010-05-04,17
197618,Suprep Bowel Prep Kit,Bowel Preparation,7,2017-11-29,1
202285,Benzoyl peroxide / clindamycin,Acne,10,2015-02-01,14
86994,Latuda,Bipolar Disorde,1,2016-04-09,6
4802,Belviq,Weight Loss,9,2015-03-15,152
155314,Metronidazole,Bacterial Vaginitis,8,2015-10-09,20
218629,Tri-Sprintec,Birth Control,9,2016-05-14,13
91928,Lyrica,ibromyalgia,9,2015-10-17,65
222419,Kyleena,Birth Control,10,2017-09-11,3
73095,Ethinyl estradiol / norethindrone,Birth Control,7,2015-02-02,11
205009,Toradol,Postoperative Pain,9,2012-08-19,27
217483,Clarithromycin,Sinusitis,10,2015-03-25,22
7211,Aluminum chloride hexahydrate,Hyperhidrosis,10,2011-05-09,23
50494,Gabapentin,Peripheral Neuropathy,5,2012-04-23,191
79538,Plan B One-Step,Emergency Contraception,10,2013-10-13,18
209533,Levsin SL,Irritable Bowel Syndrome,10,2016-01-12,44
202094,Benzoyl peroxide / clindamycin,Acne,7,2016-01-31,9
214939,Human papillomavirus vaccine,Human Papillomavirus Prophylaxis,5,2009-11-17,10
152601,Lortab,Cough,10,2011-09-30,29
118961,Zoloft,Depression,9,2011-02-14,66
219390,Dexmethylphenidate,ADHD,10,2014-03-27,85
44696,Catapres,Opiate Withdrawal,10,2014-10-02,154
60188,NuvaRing,Birth Control,10,2012-06-08,2
95684,Sertraline,Major Depressive Disorde,10,2014-12-05,116
193291,Cyclobenzaprine,ibromyalgia,9,2015-11-10,30
185033,Harvoni,Hepatitis C,10,2017-01-15,33
59232,Lansoprazole,GERD,10,2009-10-08,16
529,Medroxyprogesterone,Birth Control,4,2015-03-21,1
200112,Varenicline,Smoking Cessation,10,2015-08-03,0
150706,Sulfamethoxazole / trimethoprim,Bacterial Skin Infection,5,2015-09-01,14
85659,Ethinyl estradiol / norgestimate,Birth Control,10,2014-05-14,18
52745,Carbidopa / levodopa,Restless Legs Syndrome,10,2010-08-20,69
193875,Hydrocodone,Not Listed / Othe,9,2013-10-18,7
93602,Morphine,Chronic Pain,5,2015-06-11,19
175168,Relistor,"Constipation, Drug Induced",10,2010-12-26,46
152748,Doxycycline,Chlamydia Infection,1,2017-10-27,0
124012,Skyla,Birth Control,7,2016-06-27,1
84706,Ethinyl estradiol / norgestimate,Birth Control,1,2016-06-08,17
206282,Mesalamine,"Ulcerative Colitis, Active",10,2017-04-07,12
190442,Ortho Tri-Cyclen Lo,Birth Control,10,2010-11-09,0
53054,Bevacizumab,me,10,2015-09-12,3
104856,Ethinyl estradiol / levonorgestrel,Abnormal Uterine Bleeding,9,2010-03-13,4
52701,Barium sulfate,Computed Tomography,9,2012-07-07,43
76499,Azor,High Blood Pressure,9,2010-04-19,22
50864,Azithromycin,Bronchitis,5,2017-06-10,4
208039,Suprep Bowel Prep Kit,Bowel Preparation,9,2014-04-23,17
75034,Nitrofurantoin,Urinary Tract Infection,3,2012-01-18,39
187296,Azelastine / fluticasone,Allergic Rhinitis,10,2014-06-11,9
30641,Miconazole,Vaginal Yeast Infection,1,2017-11-04,3
96242,Sertraline,Depression,9,2012-03-20,38
22374,Zoster vaccine live,"Herpes Zoster, Prophylaxis",9,2014-07-06,1
2687,Diltiazem,Supraventricular Tachycardia,9,2017-01-02,9
87960,Clindamycin,Bacterial Infection,3,2016-06-22,21
151909,Chantix,Smoking Cessation,10,2012-10-01,16
124803,Tri-Previfem,Birth Control,3,2016-04-30,0
115352,Propofol,Anesthesia,1,2016-12-28,10
13738,Amphetamine / dextroamphetamine,ADHD,8,2008-05-01,52
135039,Dapsone,Acne,10,2016-07-26,12
3869,Bismuth subsalicylate,Indigestion,10,2012-03-26,11
203435,Indomethacin,"Gout, Acute",10,2014-03-04,47
32078,Wellbutrin XL,Major Depressive Disorde,10,2016-02-02,64
119135,Zoloft,Depression,10,2009-05-09,381
158263,Ziprasidone,Schizoaffective Disorde,1,2011-01-03,18
35280,Levofloxacin,Skin or Soft Tissue Infection,10,2014-01-23,16
211074,Carisoprodol,Nocturnal Leg Cramps,10,2009-08-04,63
27993,Lexapro,Anxiety,4,2016-04-15,23
196995,Paroxetine,Generalized Anxiety Disorde,8,2016-04-19,29
61217,Xyzal,Urticaria,7,2010-06-16,11
111485,Olopatadine,Allergic Rhinitis,1,2009-09-22,10
63205,Citric acid / magnesium oxide / sodium picosulfate,Bowel Preparation,1,2015-12-30,3
136213,Relpax,Migraine,10,2010-04-23,14
123349,Apri,Birth Control,10,2013-03-29,5
28930,Lexapro,Anxiety,9,2009-04-09,12
121782,Venlafaxine,Anxiety,9,2013-12-23,22
16149,Ethinyl estradiol / norethindrone,Birth Control,1,2016-04-28,3
91574,Dalfampridine,Multiple Sclerosis,9,2012-04-01,62
196734,Paroxetine,Anxiety,10,2017-07-09,5
106619,Implanon,Birth Control,4,2015-11-08,5
204138,Dilantin,Epilepsy,8,2017-08-20,2
170800,Quetiapine,Insomnia,10,2013-08-05,43
133358,Tri-Sprintec,10</span> users found this comment helpful.,4,2010-08-26,10
200261,Varenicline,Smoking Cessation,10,2014-08-29,61
172908,Clonazepam,Bipolar Disorde,10,2013-09-29,66
40785,Leuprolide,Prostate Cance,8,2017-02-13,23
223378,Cetirizine,Urticaria,9,2012-03-14,42
76408,Liraglutide,Obesity,10,2017-09-09,16
20066,Macrobid,Urinary Tract Infection,6,2016-11-03,7
16153,Ethinyl estradiol / norethindrone,Birth Control,9,2016-04-25,14
158644,Methylphenidate,Narcolepsy,8,2012-06-13,7
97625,Nitroglycerin,Anal Fissure and Fistula,9,2017-05-31,5
188514,ParaGard,Birth Control,10,2016-06-04,11
151700,Chantix,Smoking Cessation,10,2015-04-02,22
148754,Mirena,Birth Control,10,2016-07-27,4
138001,Ortho Evra,Birth Control,4,2015-10-26,2
101871,Terbinafine,"Onychomycosis, Toenail",10,2017-05-18,7
89678,Celexa,Depression,9,2010-06-08,28
54076,Ritalin,Narcolepsy,8,2012-01-05,49
78856,Exubera,"Diabetes, Type 2",10,2009-12-11,3
202659,Hydroxychloroquine,Rheumatoid Arthritis,3,2016-03-02,82
231298,Trazodone,Anxiety,9,2017-11-05,4
132833,Loestrin 24 Fe,Acne,1,2017-02-06,5
99417,Genvoya,HIV Infection,8,2017-03-20,5
27207,Enskyce,Birth Control,1,2016-11-10,2
210631,Mirtazapine,Depression,7,2017-05-25,16
139813,Stalevo,Parkinson's Disease,9,2009-02-20,13
72877,Ethinyl estradiol / norethindrone,Birth Control,1,2015-07-28,3
73486,Ethinyl estradiol / norethindrone,Birth Control,6,2013-09-02,11
48261,Amerge,Migraine,10,2008-03-05,19
176667,Lorazepam,Anxiety,1,2009-10-31,34
231087,Milnacipran,ibromyalgia,8,2009-08-27,109
229566,Lurasidone,Schizophrenia,9,2015-03-08,27
129702,Levonorgestrel,Birth Control,10,2015-06-14,24
215216,Lubiprostone,"Constipation, Chronic",10,2015-01-22,69
42015,Simcor,High Cholesterol,8,2009-12-01,9
135664,Tinidazole,Bacterial Vaginitis,10,2017-03-16,12
118803,Zoloft,Premenstrual Dysphoric Disorde,7,2012-02-05,52
148704,Mirena,Birth Control,5,2016-06-27,3
142562,Levonorgestrel,Birth Control,8,2017-08-27,12
26533,Sprintec,Birth Control,9,2013-08-21,9
20920,Avonex Pen,Multiple Sclerosis,10,2013-12-02,6
76913,Lorcaserin,Weight Loss,10,2015-05-28,22
206768,Methadose,Chronic Pain,10,2013-03-13,110
51119,Azithromycin,Chlamydia Infection,8,2016-06-16,2
31578,Miconazole,Vaginal Yeast Infection,1,2016-03-25,8
41072,Acetaminophen / oxycodone,Chronic Pain,8,2014-03-28,55
208259,Oseltamivir,Influenza,10,2016-04-29,5
70682,Abacavir / dolutegravir / lamivudine,HIV Infection,10,2017-08-27,3
1451,Sumatriptan,Migraine,5,2010-08-04,11
82720,Paxil,Generalized Anxiety Disorde,7,2017-05-07,11
20282,Cambia,Migraine,9,2017-04-10,9
114764,Methotrexate,Psoriasis,8,2015-06-09,49
212895,Tizanidine,Muscle Spasm,6,2016-09-17,55
84841,Ethinyl estradiol / norgestimate,Acne,1,2016-04-04,0
123559,Skyla,Birth Control,8,2017-06-13,0
88387,Adderall,ADHD,9,2011-12-14,9
13277,Amphetamine / dextroamphetamine,atigue,5,2017-04-29,4
127805,Phentermine,Obesity,10,2017-01-29,15
174837,Exalgo,Chronic Pain,10,2014-01-04,62
156323,Ropinirole,Restless Legs Syndrome,10,2015-07-07,71
98290,Nexplanon,2</span> users found this comment helpful.,2,2015-05-07,2
157589,Guaifenesin,,9,2010-02-23,10
130123,Levonorgestrel,Birth Control,10,2014-09-24,43
197394,Paroxetine,Panic Disorde,6,2011-08-23,21
201233,Zoloft,Depression,9,2016-03-05,107
95884,Sertraline,Panic Disorde,9,2014-05-13,36
150577,Sulfamethoxazole / trimethoprim,Urinary Tract Infection,1,2016-02-16,2
144520,Etonogestrel,Birth Control,10,2016-03-27,5
172485,Clonazepam,Anxiety,9,2016-04-29,63
186129,Desvenlafaxine,Major Depressive Disorde,10,2016-02-26,27
34645,Minocycline,Rosacea,10,2016-07-20,19
134632,Ketorolac,Pain,8,2013-03-05,8
213219,Nuvigil,Hypersomnia,10,2012-07-29,17
198815,Depo-Provera,Birth Control,10,2017-01-03,7
4674,Belviq,Obesity,10,2015-06-22,42
113958,Tegretol,Epilepsy,10,2009-11-03,29
186354,Desvenlafaxine,ibromyalgia,4,2012-01-09,13
209920,VESIcare,Urinary Incontinence,8,2011-02-26,42
212999,Tizanidine,Muscle Spasm,10,2010-09-15,81
85641,Ethinyl estradiol / norgestimate,Birth Control,5,2014-06-25,6
122186,Venlafaxine,Depression,6,2009-06-08,28
145808,Qsymia,Obesity,9,2013-09-15,73
36343,Imiquimod,Human Papilloma Virus,8,2014-02-24,11
4689,Belviq,Obesity,9,2015-05-14,19
123877,Skyla,Birth Control,10,2016-10-23,6
77270,Lorcaserin,Weight Loss,10,2013-10-20,49
81878,Liraglutide,Obesity,9,2016-11-27,33
89505,Celexa,Depression,8,2013-05-31,44
229690,Lurasidone,Bipolar Disorde,8,2013-07-12,96
230416,Depo-Provera,Endometriosis,2,2013-11-07,14
63534,Epiduo,Acne,9,2015-06-17,6
53084,Plavix,Heart Attack,10,2015-01-13,37
120955,Venlafaxine,Depression,9,2017-07-20,5
186274,Desvenlafaxine,Depression,1,2012-12-05,31
35310,Levofloxacin,Urinary Tract Infection,1,2011-09-19,55
82943,Paxil,Anxiety,9,2015-11-22,59
170973,Quetiapine,Insomnia,10,2010-02-11,38
92789,Vortioxetine,Major Depressive Disorde,8,2017-12-06,8
194486,Atorvastatin,High Cholesterol,3,2017-03-07,36
180762,Dienogest / estradiol,Birth Control,1,2016-03-11,9
171537,Wellbutrin,Depression,2,2013-01-24,98
105661,Methylprednisolone,"Gout, Acute",9,2015-11-23,17
113940,Amlodipine,High Blood Pressure,1,2016-09-23,68
229083,Tadalafil,Erectile Dysfunction,10,2015-08-14,32
91005,Norco,Pain,8,2010-08-29,19
64185,Sertraline,Anxiety and Stress,10,2017-03-09,15
76321,Roflumilast,COPD,9,2012-07-18,69
205577,Pristiq,Depression,8,2012-05-17,21
6226,Minastrin 24 Fe,Birth Control,2,2014-08-19,20
180280,Diclofenac,Pain,1,2016-11-14,5
129342,Levonorgestrel,Birth Control,3,2015-09-11,4
109472,Nexplanon,Birth Control,10,2016-11-16,0
5892,Opana,Pain,7,2008-08-21,35
156798,Dulaglutide,"Diabetes, Type 2",10,2016-03-18,15
5508,Donnatal,Duodenal Ulce,10,2016-10-30,8
6784,Beyaz,Acne,10,2012-01-05,23
198973,Depo-Provera,Birth Control,1,2016-05-31,11
158976,TriNessa,Birth Control,5,2016-08-03,5
223809,Depakote ER,Migraine Prevention,8,2008-03-07,36
209624,Donepezil,Alzheimer's Disease,1,2017-05-07,20
41458,Sofosbuvir,Hepatitis C,10,2015-11-24,8
192610,Drospirenone / ethinyl estradiol,Birth Control,2,2012-07-27,6
168482,Monistat 7,Vaginal Yeast Infection,1,2015-12-23,3
8139,Zolpidem,Insomnia,1,2017-06-11,7
171469,Wellbutrin,Depression,9,2015-10-31,117
24709,Horizant,Restless Legs Syndrome,10,2012-10-13,90
162917,Cefdinir,Sinusitis,10,2010-12-21,24
148779,Mirena,Abnormal Uterine Bleeding,5,2016-05-14,2
162210,Brovana,"COPD, Maintenance",10,2008-12-26,27
125144,Dulcolax,Constipation,10,2016-12-16,2
172111,Tylenol PM,Insomnia,3,2016-04-28,23
185570,Saxenda,Obesity,9,2016-12-29,32
223943,Levonorgestrel,Birth Control,9,2016-12-08,0
135854,Percocet,Pain,9,2009-10-16,15
46529,Sulfasalazine,Rheumatoid Arthritis,1,2017-11-21,1
6923,Aluminum chloride hexahydrate,Hyperhidrosis,9,2016-07-13,9
114257,Nicotine,Smoking Cessation,10,2016-01-01,30
154365,Reglan,Migraine,6,2010-10-09,18
35070,Levofloxacin,Sinusitis,5,2017-06-19,5
57881,Acetaminophen / hydrocodone,Pain,3,2011-11-30,10
205048,Toradol,Pain,10,2009-07-26,12
110511,Nexplanon,Birth Control,5,2015-12-29,1
3954,Seroquel XR,Major Depressive Disorde,9,2016-10-23,3
68292,Plan B,Emergency Contraception,9,2014-10-22,28
174759,Dulera,"Asthma, Maintenance",5,2012-01-26,27
159740,Mibelas 24 Fe,Birth Control,8,2017-09-20,0
183709,Cymbalta,Depression,7,2009-10-05,23
132352,Ativan,Anxiety,9,2011-02-16,12
140973,Escitalopram,Generalized Anxiety Disorde,6,2016-03-26,38
118270,Naltrexone,Opiate Dependence,5,2015-06-04,41
76100,Portia,Birth Control,3,2015-11-16,3
75897,Temazepam,Insomnia,10,2008-09-02,124
102361,Clindamycin / tretinoin,Acne,7,2015-03-09,8
36720,Meperidine,Pain,10,2016-09-08,12
184514,Hydroxyzine,Anxiety,1,2012-07-20,38
115461,Propofol,Anesthesia,10,2014-05-21,41
50107,Gabapentin,Migraine,10,2015-06-06,80
108793,Nexplanon,Birth Control,2,2017-10-03,2
122952,Ethinyl estradiol / norgestrel,Birth Control,1,2015-08-04,3
222655,Topamax,Migraine Prevention,1,2016-10-28,35
120498,Dapagliflozin,"Diabetes, Type 2",6,2016-09-14,26
14253,Myrbetriq,Overactive Bladde,9,2014-02-28,114
181495,Prozac,Anxiety and Stress,6,2014-08-08,51
102672,Aripiprazole,Bipolar Disorde,10,2015-09-24,6
115019,Diazepam,Anxiety,9,2015-10-14,156
82573,Hysingla ER,Pain,6,2017-03-01,19
89107,Celexa,Anxiety and Stress,10,2017-07-20,63
4820,Belviq,Weight Loss,10,2015-02-24,118
76802,Lorcaserin,Weight Loss,1,2016-03-15,11
163225,Propafenone,Atrial Fibrillation,9,2010-12-05,31
151105,OxyContin,Chronic Pain,10,2013-03-15,56
112524,Lunesta,Insomnia,6,2016-09-28,23
92509,Ondansetron,Nausea/Vomiting,10,2015-02-08,40
104598,Ethinyl estradiol / levonorgestrel,Birth Control,8,2011-06-14,3
58183,Acetaminophen / hydrocodone,Pain,9,2009-05-29,20
38581,Liletta,Birth Control,10,2017-04-10,8
51168,Azithromycin,Chlamydia Infection,1,2016-01-07,3
189157,Oxycodone,Chronic Pain,10,2016-08-29,26
48196,Trimethoprim,Urinary Tract Infection,1,2016-01-05,5
164032,Fluorouracil,Basal Cell Carcinoma,1,2015-11-12,17
12455,Ortho Micronor,Birth Control,7,2016-12-27,8
188836,Prevacid,GERD,10,2016-02-08,13
224712,Bupropion,Depression,10,2017-04-10,21
153302,Doxycycline,Acne,8,2014-12-17,59
115379,Propofol,Anesthesia,10,2016-02-17,9
26056,Sprintec,Birth Control,1,2017-11-15,0
78659,OnabotulinumtoxinA,Overactive Bladde,10,2016-09-02,62
156636,Dulaglutide,"Diabetes, Type 2",9,2017-01-05,17
18752,Aptensio XR,ADHD,5,2017-02-01,6
67240,Omeprazole,Barrett's Esophagus,10,2017-07-26,9
25477,Finasteride,Androgenetic Alopecia,9,2010-05-08,56
162899,Rapaflo,Benign Prostatic Hyperplasia,8,2013-10-21,86
201817,Duexis,Osteoarthritis,4,2016-08-31,7
102296,Clindamycin / tretinoin,Acne,3,2016-07-16,2
18044,Ethinyl estradiol / etonogestrel,Birth Control,10,2012-02-09,2
88462,Adderall,ADHD,5,2010-09-20,20
135331,Tamiflu,Influenza,10,2017-05-07,0
126282,Viibryd,Depression,10,2012-01-07,32
222155,Rozerem,Insomnia,9,2012-09-21,51
103631,Synthroid,"Hypothyroidism, After Thyroid Removal",8,2011-08-07,32
66561,Seroquel,Bipolar Disorde,3,2016-04-29,21
194876,Levetiracetam,Seizures,3,2013-11-05,3
157182,Differin,Acne,9,2014-06-18,159
35637,Buprenorphine / naloxone,Opiate Dependence,9,2017-05-27,24
132464,Doxepin,Depression,1,2017-08-03,6
130128,Levonorgestrel,Emergency Contraception,10,2014-09-17,110
133458,Tri-Sprintec,Birth Control,7,2010-03-08,9
226894,Etonogestrel,Birth Control,4,2015-01-19,18
227090,Etonogestrel,Birth Control,9,2014-06-10,11
104741,Ethinyl estradiol / levonorgestrel,Birth Control,1,2010-09-05,3
100932,Orlistat,Obesity,10,2013-07-29,72
145894,Qsymia,Obesity,8,2013-03-07,69
213276,Nuvigil,Depression,2,2013-03-02,14
93254,Vortioxetine,Depression,1,2016-01-15,32
9772,Lo Loestrin Fe,Birth Control,9,2015-07-07,13
158325,Ziprasidone,Bipolar Disorde,1,2009-09-14,33
165795,Levonorgestrel,Birth Control,2,2017-03-22,4
49653,Ethinyl estradiol / levonorgestrel,Birth Control,2,2015-07-23,2
163349,Acetaminophen / dichloralphenazone / isometheptene mucate,Headache,9,2014-10-01,7
12696,Etanercept,Ankylosing Spondylitis,7,2015-05-26,10
61403,Citalopram,Postpartum Depression,1,2017-07-27,1
186391,Desvenlafaxine,Depression,9,2011-05-16,8
194411,Crestor,High Cholesterol,10,2012-11-09,44
11511,Pramipexole,Restless Legs Syndrome,9,2010-10-31,52
86676,Narcan Injection,Opioid Overdose,10,2014-05-22,17
216364,Sildenafil,Erectile Dysfunction,1,2016-09-28,26
196468,Eszopiclone,Insomnia,9,2013-06-09,91
24963,Lipitor,High Cholesterol,10,2008-06-10,65
65374,Yasmin,Birth Control,9,2017-12-10,0
151474,Chantix,Smoking Cessation,10,2016-02-27,11
53924,Macrodantin,Prevention of Bladder infection,10,2008-03-27,116
138373,Phentermine,Weight Loss,10,2014-03-01,32
208008,Suprep Bowel Prep Kit,Bowel Preparation,4,2014-02-09,8
135590,Intuniv,ADHD,3,2017-01-20,27
183799,Cymbalta,Depression,10,2009-05-26,70
161077,Risperidone,Depression,10,2013-07-07,30
52442,Pantoprazole,GERD,10,2008-10-27,82
150312,Sulfamethoxazole / trimethoprim,Infection Prophylaxis,10,2017-11-25,0
41569,Clonidine,Perimenopausal Symptoms,8,2017-10-24,3
62844,Citalopram,Depression,3,2009-02-04,11
144919,Etonogestrel,Birth Control,5,2015-12-19,8
108431,Bupropion / naltrexone,Obesity,10,2015-04-08,30
74917,Keppra,Seizures,4,2009-04-27,61
149731,Mirena,Birth Control,10,2012-02-15,1
167688,Levonorgestrel,Emergency Contraception,10,2016-01-20,19
42897,Xulane,Birth Control,7,2016-01-17,3
146692,Tamsulosin,Benign Prostatic Hyperplasia,8,2008-03-30,155
225068,Bupropion,Depression,10,2016-04-19,76
50712,Gabapentin,ibromyalgia,7,2009-07-07,40
184234,Hydroxyzine,Anxiety,9,2016-02-02,26
182059,Keppra XR,Epilepsy,3,2017-02-19,7
205988,Pristiq,Panic Disorde,8,2009-04-14,18
226679,Etonogestrel,Birth Control,3,2015-05-13,7
187608,Acyclovir,Cold Sores,1,2016-05-20,2
186343,Desvenlafaxine,Anxiety,9,2011-09-28,5
111220,Ledipasvir / sofosbuvir,Hepatitis C,10,2017-07-28,10
113740,Acetaminophen / butalbital / caffeine,Headache,10,2014-03-28,8
70407,MetroCream,Rosacea,6,2015-06-11,12
123627,Skyla,Birth Control,7,2017-05-22,3
65275,Yasmin,Birth Control,6,2016-10-30,5
127894,Phentermine,Obesity,10,2016-11-18,24
16856,Copaxone,Multiple Sclerosis,9,2013-03-23,23
573,Medroxyprogesterone,Birth Control,9,2012-11-07,9
86226,Magnesium sulfate / potassium sulfate / sodium sulfate,Bowel Preparation,10,2015-10-04,5
25814,Ethinyl estradiol / norelgestromin,Birth Control,10,2013-03-27,18
101319,Aubra,Birth Control,9,2017-01-01,2
158137,Ziprasidone,Bipolar Disorde,10,2015-11-17,3
139537,Armodafinil,Narcolepsy,2,2009-12-11,59
221928,Fluconazole,"Onychomycosis, Toenail",10,2017-06-06,2
69870,Tylenol,Pain,1,2009-10-13,33
208451,Oseltamivir,Swine Flu,9,2009-10-06,5
57390,Oxymorphone,Pain,8,2010-12-24,17
131307,Larin Fe 1.5 / 30,Birth Control,3,2016-12-19,5
151447,Chantix,Smoking Cessation,5,2016-06-18,7
170060,Quetiapine,Bipolar Disorde,10,2017-07-29,12
164233,Xiidra,Dry Eye Disease,1,2017-04-08,14
197644,Suprep Bowel Prep Kit,Bowel Preparation,7,2017-10-16,6
133441,Tri-Sprintec,Birth Control,7,2010-07-03,7
51690,Azithromycin,Sinusitis,10,2015-02-21,37
191217,Pentasa,Ulcerative Proctitis,9,2016-04-02,1
150787,Sulfamethoxazole / trimethoprim,Acne,10,2013-01-23,47
15825,Ethinyl estradiol / norethindrone,Birth Control,5,2016-08-29,6
220297,Amitriptyline,ibromyalgia,9,2012-05-09,122
63440,Epiduo,Acne,10,2015-12-30,9
175766,Levaquin,Sinusitis,2,2016-06-26,22
137772,Enbrel,Rheumatoid Arthritis,3,2015-05-31,35
132089,Tacrolimus,"Organ Transplant, Rejection Prophylaxis",9,2009-06-14,14
229553,Lurasidone,Bipolar Disorde,3,2015-07-28,27
24628,Polyethylene glycol 3350 with electrolytes,Bowel Preparation,8,2013-03-03,11
225341,Bupropion,Depression,1,2015-08-28,11
83354,Paxil,Generalized Anxiety Disorde,5,2009-03-05,21
15332,Ethinyl estradiol / norethindrone,Birth Control,3,2017-02-28,7
197453,Paroxetine,Depression,10,2010-02-22,384
28351,Lexapro,Anxiety,10,2014-02-26,24
36222,Imiquimod,Human Papilloma Virus,1,2016-09-09,5
139601,Luvox,Depression,1,2011-04-16,18
184097,Hydroxyzine,Anxiety,9,2017-02-01,55
56527,Lotrel,High Blood Pressure,10,2017-09-28,0
92617,Ondansetron,Nausea/Vomiting,10,2011-11-25,7
96918,Conjugated estrogens / medroxyprogesterone,,1,2015-07-06,5
117580,Nortriptyline,Reflex Sympathetic Dystrophy Syndrome,3,2014-11-21,11
136793,Sodium hyaluronate,Osteoarthritis,10,2010-12-08,33
19032,Chlordiazepoxide,Alcohol Withdrawal,10,2013-10-05,130
180680,Adderall XR,Narcolepsy,9,2013-04-26,28
216187,Copper,Birth Control,9,2015-04-28,3
123004,Ethinyl estradiol / norgestrel,Endometriosis,9,2014-10-02,14
231564,Trazodone,Insomnia,3,2016-01-04,19
107437,Implanon,Birth Control,10,2011-09-24,1
30378,Klonopin,Benzodiazepine Withdrawal,8,2010-07-22,69
126350,Carvedilol,Heart Failure,10,2015-02-16,28
122685,Linaclotide,"Constipation, Chronic",9,2015-10-13,48
26929,Ultram,Chronic Pain,10,2015-02-22,41
197227,Paroxetine,Social Anxiety Disorde,10,2014-03-13,92
24153,Tretinoin,Acne,10,2014-03-09,36
56297,Humira,Rheumatoid Arthritis,3,2015-10-17,39
181391,Prozac,Anxiety and Stress,6,2015-09-13,38
192273,Drospirenone / ethinyl estradiol,Birth Control,2,2015-12-18,2
194919,Levetiracetam,Epilepsy,7,2013-12-21,23
71182,Viberzi,Irritable Bowel Syndrome,1,2016-07-25,18
105122,Evolocumab,"High Cholesterol, Familial Heterozygous",10,2017-02-21,37
155012,Metronidazole,Dental Abscess,2,2016-08-10,16
152978,Doxycycline,Chlamydia Infection,9,2016-12-05,7
44500,Ethinyl estradiol / norgestimate,Birth Control,1,2010-01-22,19
199258,Depo-Provera,Birth Control,1,2015-10-06,8
207934,Suprep Bowel Prep Kit,Bowel Preparation,8,2014-11-11,21
35817,Buprenorphine / naloxone,Opiate Dependence,7,2015-05-23,26
220057,Amitriptyline,Pain,9,2016-04-15,44
223949,Levonorgestrel,Birth Control,1,2016-12-06,10
103846,Ethinyl estradiol / levonorgestrel,Birth Control,10,2015-01-16,8
117071,Synvisc-One,Osteoarthritis,1,2016-12-04,21
70163,Triumeq,HIV Infection,4,2016-10-07,10
9539,Lo Loestrin Fe,Birth Control,10,2016-04-20,7
48885,Ethinyl estradiol / levonorgestrel,Birth Control,4,2017-01-04,2
139150,Phentermine,Weight Loss,8,2009-04-16,3
221271,Drysol,0</span> users found this comment helpful.,9,2011-03-18,0
159505,Gabapentin enacarbil,Restless Legs Syndrome,4,2017-03-20,1
84471,Ethinyl estradiol / norgestimate,Birth Control,10,2016-11-04,3
75569,Glucophage,"Diabetes, Type 2",9,2009-02-21,113
128091,Phentermine,Weight Loss,8,2016-07-13,7
26410,Sprintec,Birth Control,1,2015-06-02,15
41235,Acetaminophen / oxycodone,Pain,9,2011-02-22,20
94782,Abilify,Bipolar Disorde,1,2013-08-13,38
107099,Implanon,Birth Control,9,2013-01-12,2
61443,Citalopram,Generalized Anxiety Disorde,2,2017-06-01,4
154640,Metronidazole,Bacterial Infection,1,2017-10-20,10
150052,Soma,Muscle Spasm,10,2008-09-24,86
70379,Zofran,Nausea/Vomiting,9,2009-06-22,6
57592,Acetaminophen / hydrocodone,Back Pain,2,2016-09-09,9
57587,Acetaminophen / hydrocodone,Back Pain,8,2017-02-11,16
201861,Antipyrine / benzocaine,Otitis Media,10,2009-03-27,18
214617,Liothyronine,Underactive Thyroid,10,2015-03-15,146
143352,Etonogestrel,Birth Control,10,2017-03-14,18
65729,Propranolol,Pe,7,2016-08-24,11
231867,Trazodone,Anxiety,8,2012-07-11,73
198008,Metoprolol,High Blood Pressure,10,2012-09-25,77
131692,Effexor XR,Generalized Anxiety Disorde,8,2017-01-25,14
76673,Lorcaserin,Weight Loss,8,2017-03-16,1
187711,Codeine / guaifenesin,Cough,6,2011-06-21,24
199405,Depo-Provera,Abnormal Uterine Bleeding,3,2015-05-19,7
90585,Docosanol,Herpes Simplex,10,2015-04-12,13
169443,Q-Tapp DM,Cough and Nasal Congestion,8,2012-03-20,2
142502,Levonorgestrel,Emergency Contraception,10,2017-09-06,12
85533,Ethinyl estradiol / norgestimate,Acne,10,2015-02-17,13
173976,Valium,Meniere's Disease,10,2017-11-29,0
124230,Skyla,Birth Control,7,2016-02-09,0
205712,Pristiq,Anxiety,10,2011-06-21,8
1273,Sumatriptan,Migraine,5,2014-04-28,8
67714,Plan B,Emergency Contraception,10,2017-01-16,5
55827,Effexor,Bipolar Disorde,10,2013-02-05,79
580,Medroxyprogesterone,Birth Control,3,2012-09-27,13
144834,Etonogestrel,Birth Control,1,2016-01-14,4
100879,Orlistat,Obesity,10,2014-06-13,174
57664,Acetaminophen / hydrocodone,Pain,10,2015-03-25,48
116050,Lorcaserin,Obesity,10,2015-08-12,36
230113,Efavirenz,HIV Infection,8,2012-01-08,1
151062,OxyContin,Chronic Pain,10,2017-06-22,16
166195,Levonorgestrel,Emergency Contraception,10,2016-12-29,6
197190,Paroxetine,Anxiety,5,2014-05-12,64
90183,Chlorpheniramine / hydrocodone / pseudoephedrine,Cough and Nasal Congestion,10,2012-04-07,10
135799,Percocet,Chronic Pain,9,2013-02-04,65
214367,Tioconazole,Vaginal Yeast Infection,1,2015-10-15,7
231258,Trazodone,Insomnia,9,2017-08-11,31
129950,Levonorgestrel,Abnormal Uterine Bleeding,10,2015-03-20,29
52277,Adipex-P,Weight Loss,10,2009-03-31,33
99084,Lutera,Birth Control,8,2014-03-12,17
90960,Norco,Back Pain,8,2012-08-19,16
6492,Wellbutrin XL,Major Depressive Disorde,9,2017-11-29,1
8349,Zolpidem,Insomnia,10,2015-04-11,9
29753,Topiramate,Migraine Prevention,10,2009-12-08,33
105524,Zoladex,Endometriosis,10,2017-09-20,2
132064,Effexor XR,Anxiety,10,2008-10-29,49
223121,Estradiol,Postmenopausal Symptoms,7,2016-01-12,10
222856,Topamax,Bipolar Disorde,10,2013-02-10,58
231694,Trazodone,Insomnia,9,2015-02-25,70
101552,Keytruda,"Melanoma, Metastatic",8,2017-02-25,16
207935,Suprep Bowel Prep Kit,Bowel Preparation,10,2014-11-10,23
12892,Vardenafil,Erectile Dysfunction,8,2016-05-01,16
90847,Roxicodone,Chronic Pain,10,2013-08-04,56
174063,Valium,Muscle Spasm,10,2015-01-22,83
120304,Montelukast,Asthma,2,2016-07-04,12
106394,Implanon,Birth Control,8,2016-07-18,2
13785,Amphetamine / dextroamphetamine,Not Listed / Othe,10,2008-09-09,2
114795,Methotrexate,Psoriasis,8,2009-04-01,67
146758,Alprazolam,Anxiety,1,2017-07-29,9
212746,Phenergan,Nausea/Vomiting,10,2010-04-17,27
145622,Qsymia,Weight Loss,9,2015-12-31,49
95937,Sertraline,Obsessive Compulsive Disorde,9,2013-08-13,88
142533,Levonorgestrel,Birth Control,8,2017-09-14,1
54772,Bupropion / naltrexone,Obesity,1,2017-03-11,11
160675,Buspirone,Panic Disorde,10,2013-01-25,184
178153,Duloxetine,Depression,8,2010-11-05,13
148373,Empagliflozin / linagliptin,"Diabetes, Type 2",9,2017-11-03,0
228235,Etonogestrel,Birth Control,7,2010-01-12,2
15621,Ethinyl estradiol / norethindrone,Birth Control,8,2016-11-15,4
166692,Levonorgestrel,Birth Control,3,2016-09-10,6
89070,Singulair,"Asthma, Maintenance",9,2010-04-24,23
72257,Tramadol,Pain,9,2012-06-30,18
160474,Buspirone,Anxiety,5,2016-01-02,8
65134,Saphris,Bipolar Disorde,9,2010-11-19,12
98876,Nexplanon,Birth Control,9,2013-06-11,4
8988,Viagra,Erectile Dysfunction,6,2009-07-19,7
114029,Amlodipine,High Blood Pressure,5,2013-11-11,92
103842,Ethinyl estradiol / levonorgestrel,Ovarian Cysts,7,2015-01-20,4
178407,Duloxetine,ibromyalgia,8,2009-01-26,83
13507,Amphetamine / dextroamphetamine,ADHD,10,2015-01-21,79
958,Rituxan,Non-Hodgkin's Lymphoma,9,2010-12-04,65
165926,Levonorgestrel,Birth Control,10,2017-03-02,4
71832,Tramadol,Restless Legs Syndrome,10,2016-04-09,14
117413,Jublia,"Onychomycosis, Toenail",3,2015-03-31,21
12816,Etanercept,Rheumatoid Arthritis,9,2008-03-26,64
697,Medroxyprogesterone,Endometriosis,9,2010-04-01,8
153980,Vivitrol,Opiate Dependence,10,2017-01-18,66
88979,Singulair,Allergic Rhinitis,10,2017-01-18,17
180522,Fluticasone / vilanterol,COPD,9,2016-08-28,21
92778,Vortioxetine,Depression,4,2017-09-28,4
230621,Depo-Provera,4</span> users found this comment helpful.,2,2010-02-04,4
16152,Ethinyl estradiol / norethindrone,Birth Control,1,2016-04-25,8
116171,Nexplanon,Birth Control,4,2015-11-16,2
87686,Naproxen,Back Pain,7,2011-04-26,33
200714,Varenicline,Smoking Cessation,9,2009-10-06,7
203158,Fentanyl Transdermal System,Pain,10,2012-04-23,72
26781,Sprintec,Endometriosis,1,2009-08-13,9
110987,Diclegis,Nausea/Vomiting of Pregnancy,8,2016-01-03,3
107419,Implanon,Birth Control,1,2011-07-28,5
231224,Hydromet,Cough,4,2011-02-28,21
53804,Zipsor,Pain,10,2013-05-19,18
118617,Milk of Magnesia,Constipation,10,2013-08-23,21
165405,Levonorgestrel,Birth Control,8,2017-06-16,7
127255,Melatonin,Not Listed / Othe,7,2015-11-02,10
178010,Duloxetine,Osteoarthritis,5,2012-03-19,54
32930,Seasonique,Ovarian Cysts,9,2016-03-05,3
60760,MoviPrep,Bowel Preparation,9,2016-08-15,30
147725,Norethindrone,Abnormal Uterine Bleeding,1,2017-11-11,2
55080,Bupropion / naltrexone,Weight Loss,10,2016-05-13,20
213893,Tioconazole,Vaginal Yeast Infection,10,2016-11-18,6
51759,Aczone,Acne,1,2011-10-19,8
88918,Lactulose,"Constipation, Acute",10,2017-07-25,5
205352,Pristiq,Depression,9,2016-05-11,34
205319,Pristiq,Depression,10,2017-01-03,42
213788,Tioconazole,Vaginal Yeast Infection,10,2017-01-18,0
54418,Bupropion / naltrexone,,1,2017-10-01,0
227845,Etonogestrel,Birth Control,10,2011-09-29,0
71703,Tramadol,Depression,10,2017-05-10,24
226879,Etonogestrel,Birth Control,6,2014-12-15,17
50895,Azithromycin,Chlamydia Infection,8,2017-03-03,4
118729,Drospirenone / ethinyl estradiol,Birth Control,1,2017-09-28,0
132551,Doxepin,Insomnia,10,2015-11-25,36
75967,Pioglitazone,"Diabetes, Type 2",10,2009-05-02,30
136319,Prazosin,Nightmares,8,2016-01-26,11
90338,Desloratadine,Allergic Rhinitis,7,2009-11-09,3
75738,Temazepam,Insomnia,1,2016-09-18,13
136470,Entyvio,Crohn's Disease,9,2017-05-12,8
4357,Gefitinib,Non-Small Cell Lung Cance,9,2011-12-09,18
157962,Accutane,Acne,9,2009-11-18,18
124574,Skyla,Birth Control,10,2015-02-18,9
230304,Meloxicam,Inflammatory Conditions,9,2016-05-24,19
178118,Duloxetine,Bipolar Disorde,1,2011-09-16,20
49606,Ethinyl estradiol / levonorgestrel,Birth Control,3,2015-09-15,8
104273,Ethinyl estradiol / levonorgestrel,Birth Control,7,2012-10-08,11
100915,Orlistat,Obesity,9,2010-02-13,140
184242,Hydroxyzine,Anxiety,1,2016-01-22,8
36763,Fentanyl,Pain,4,2009-04-24,65
142989,Etonogestrel,Birth Control,1,2017-07-19,7
106044,Atomoxetine,ADHD,10,2011-11-24,19
153018,Doxycycline,Acne,8,2016-05-14,22
159517,Gabapentin enacarbil,Postherpetic Neuralgia,10,2013-07-31,42
46525,Bronkaid,Cold Symptoms,10,2015-06-30,5
170387,Quetiapine,Obsessive Compulsive Disorde,8,2016-01-23,10
58604,Niacin,Depression,10,2015-06-19,185
21103,Paliperidone,Schizophrenia,10,2015-12-15,22
46706,Clindamycin,Acne,7,2017-11-26,0
84419,Ethinyl estradiol / norgestimate,Acne,6,2016-11-29,4
227830,Etonogestrel,Birth Control,10,2011-10-11,0
11252,Drospirenone / ethinyl estradiol / levomefolate calcium,Birth Control,9,2011-07-19,13
175495,Scopolamine,Motion Sickness,10,2009-12-07,13
109765,Nexplanon,Birth Control,1,2016-07-22,13
119172,Zoloft,8</span> users found this comment helpful.,7,2008-03-11,8
140390,Sterapred,"Conjunctivitis, Allergic",9,2012-08-01,6
218169,Amoxicillin / clavulanate,Skin or Soft Tissue Infection,5,2016-09-24,8
167969,Kariva,Birth Control,1,2009-04-29,5
144427,Etonogestrel,Birth Control,5,2016-04-21,0
985,Pentosan polysulfate sodium,Interstitial Cystitis,9,2016-05-05,36
43250,Hydromorphone,Chronic Pain,10,2014-05-19,93
216755,Rosuvastatin,High Cholesterol,6,2016-03-03,75
38016,Adipex-P,Obesity,10,2016-10-25,29
172473,Clonazepam,Anxiety,9,2016-05-16,18
206257,Mesalamine,Ulcerative Colitis,9,2016-06-03,4
114358,Tacrolimus,Atopic Dermatitis,9,2016-07-09,13
50293,Gabapentin,Diabetic Peripheral Neuropathy,10,2014-04-15,42
191132,Campral,Alcohol Dependence,7,2010-09-19,48
229919,Flurazepam,Insomnia,10,2010-04-14,61
58861,Zutripro,Cough and Nasal Congestion,10,2012-07-17,12
168668,Vilazodone,Major Depressive Disorde,9,2016-05-24,27
88705,Fluticasone,Rhinitis,1,2016-02-20,28
90261,Vicodin,Pain,10,2011-03-13,6
97010,Ambien,Insomnia,9,2015-02-11,45
97194,Ambien,Insomnia,4,2010-10-20,7
223233,Estradiol,Postmenopausal Symptoms,10,2009-12-11,20
75239,Mirapex,Restless Legs Syndrome,6,2008-12-09,25
106107,Atomoxetine,ADHD,7,2009-04-14,13
638,Medroxyprogesterone,Abnormal Uterine Bleeding,5,2009-07-01,47
173764,Mometasone,Eczema,10,2012-07-11,53
81385,Yaz,Acne,9,2012-09-26,30
43189,Sronyx,Birth Control,10,2011-07-25,10
199018,Depo-Provera,Abnormal Uterine Bleeding,3,2016-03-29,8
149620,Mirena,Birth Control,10,2012-12-06,5
3782,Fioricet,Headache,10,2013-01-01,41
89127,Singulair,"Asthma, Maintenance",10,2009-03-25,86
116117,Plan B One-Step,Emergency Contraception,6,2016-11-01,9
16437,Ethinyl estradiol / norethindrone,Birth Control,1,2016-01-20,6
126940,Metoclopramide,Migraine,10,2017-03-06,1
11544,Pramipexole,Restless Legs Syndrome,10,2015-01-16,24
89157,Celexa,Anxiety and Stress,2,2017-03-22,26
133265,Tri-Sprintec,Birth Control,10,2012-09-18,6
71516,Milk thistle,Herbal Supplementation,10,2016-05-03,4
40814,Leuprolide,Endometriosis,1,2016-02-09,1
4603,Belviq,Obesity,1,2015-10-01,17
162928,Cefdinir,Otitis Media,6,2010-01-29,10
24173,Tretinoin,Acne,10,2015-09-20,42
70880,Magnesium citrate,Constipation,10,2016-03-14,27
155067,Metronidazole,Bacterial Infection,8,2016-07-12,4
23131,Methadone,Pain,5,2016-07-31,23
62620,Citalopram,Depression,8,2010-08-06,21
179074,Olanzapine,Schizophrenia,5,2017-11-23,1
162811,Cefdinir,Sinusitis,8,2015-11-02,12
23464,Methadone,Pain,10,2010-05-22,20
61057,Lidocaine,Anesthesia,10,2017-04-03,0
31986,Miconazole,Vaginal Yeast Infection,7,2015-06-05,8
19450,Pregabalin,Postherpetic Neuralgia,9,2015-07-23,24
84308,Ethinyl estradiol / norgestimate,Birth Control,9,2017-01-09,8
12040,Metaxalone,Muscle Spasm,9,2008-07-25,37
178022,Duloxetine,Depression,1,2012-02-26,16
184306,Hydroxyzine,Sedation,9,2014-08-17,54
168790,Vilazodone,Major Depressive Disorde,8,2015-01-03,57
96236,Sertraline,Panic Disorde,10,2012-04-08,63
143947,Etonogestrel,Birth Control,9,2016-08-02,6
99793,Magnesium sulfate / potassium sulfate / sodium sulfate,Bowel Preparation,8,2016-08-22,14
195351,Glatiramer,Multiple Sclerosis,8,2015-06-16,25
14692,Tecfidera,Multiple Sclerosis,10,2016-08-10,45
50072,Gabapentin,Restless Legs Syndrome,5,2015-08-29,28
45053,Fluoxetine,Anxiety and Stress,6,2016-12-29,40
140437,Escitalopram,Generalized Anxiety Disorde,1,2017-06-17,11
185551,Saxenda,Obesity,9,2017-01-31,51
86494,Magnesium sulfate / potassium sulfate / sodium sulfate,Bowel Preparation,6,2014-04-17,7
31489,Miconazole,Vaginal Yeast Infection,3,2016-05-27,1
199218,Depo-Provera,Abnormal Uterine Bleeding,5,2015-10-15,8
134127,Prednisone,Pharyngitis,9,2016-12-26,6
21397,Benzoyl peroxide / erythromycin,Acne,1,2017-01-04,8
163821,Mirtazapine,Insomnia,9,2009-09-02,48
45625,Fluoxetine,Depression,8,2013-05-14,210
66684,Seroquel,Bipolar Disorde,6,2016-03-15,11
203655,Benzocaine,"Burns, External",10,2008-04-17,6
227628,Etonogestrel,Birth Control,6,2012-05-01,0
42886,Xulane,1</span> users found this comment helpful.,2,2016-03-07,1
77200,Lorcaserin,Weight Loss,9,2014-05-20,80
6141,Minastrin 24 Fe,Birth Control,7,2015-09-03,2
51880,Ustekinumab,Psoriasis,9,2016-02-09,17
110625,Nexplanon,Birth Control,4,2015-12-12,1
144944,Etonogestrel,Birth Control,2,2015-12-27,0
175274,Mucinex,ibromyalgia,10,2011-04-20,69
58180,Acetaminophen / hydrocodone,Pain,8,2009-06-06,8
176844,Adalimumab,"Crohn's Disease, Maintenance",1,2017-02-18,7
54668,Bupropion / naltrexone,Weight Loss,7,2017-04-27,3
85952,Ethinyl estradiol / norgestimate,Birth Control,9,2013-05-29,36
174453,Tiotropium,"COPD, Maintenance",2,2014-01-04,141
220060,Amitriptyline,Migraine Prevention,10,2016-04-13,57
180203,Doxylamine / pyridoxine,Nausea/Vomiting of Pregnancy,2,2015-09-23,8
63087,Tranexamic acid,Menorrhagia,9,2012-12-12,40
64386,Sertraline,Depression,10,2016-09-06,302
60295,NuvaRing,Birth Control,10,2011-09-22,0
188787,Vascepa,Hypertriglyceridemia,9,2016-02-08,21
50931,Azithromycin,Tonsillitis/Pharyngitis,1,2017-10-16,4
143265,Etonogestrel,Birth Control,4,2017-04-03,4
73182,Ethinyl estradiol / norethindrone,Birth Control,3,2014-10-29,32
191411,Lisdexamfetamine,ADHD,7,2016-03-08,13
11103,Drospirenone / ethinyl estradiol / levomefolate calcium,Premenstrual Dysphoric Disorde,5,2016-06-24,0
84217,Ethinyl estradiol / norgestimate,Acne,3,2017-02-26,2
158271,Ziprasidone,Bipolar Disorde,1,2010-09-26,14
185016,Harvoni,Hepatitis C,10,2017-09-09,3
36835,Fentanyl,Not Listed / Othe,7,2008-08-09,4
58145,Acetaminophen / hydrocodone,Pain,10,2009-02-19,32
54152,Naloxegol,Opioid-Induced Constipation,9,2017-11-17,1
218352,Amoxicillin / clavulanate,Sinusitis,1,2015-08-03,7
144284,Etonogestrel,Birth Control,1,2016-05-10,7
97178,Ambien,Insomnia,7,2012-02-09,12
138860,Phentermine,Weight Loss,8,2010-08-15,1
210423,Linzess,"Constipation, Chronic",10,2014-01-08,61
133194,Tri-Sprintec,Abnormal Uterine Bleeding,10,2013-06-26,4
229105,Tadalafil,Benign Prostatic Hyperplasia,9,2014-08-07,1
110789,Ixekizumab,Plaque Psoriasis,10,2017-10-10,4
141998,Escitalopram,Anxiety,3,2009-06-16,10
219434,Dexmethylphenidate,ADHD,6,2008-03-10,17
136416,Mirvaso,Rosacea,1,2015-12-08,9
122499,Linaclotide,Constipation,8,2017-01-05,21
104717,Ethinyl estradiol / levonorgestrel,Birth Control,7,2010-12-02,0
103221,Estarylla,Abnormal Uterine Bleeding,1,2016-05-04,3
16584,Ethinyl estradiol / norethindrone,Birth Control,5,2015-11-23,4
128841,Phentermine,Weight Loss,10,2014-09-02,155
72202,Tramadol,Pain,6,2014-04-29,41
161484,Ortho Tri-Cyclen,Birth Control,7,2011-12-10,20
146554,Tamsulosin,Urinary Tract Stones,10,2015-12-06,35
96160,Sertraline,Generalized Anxiety Disorde,9,2012-02-26,42
12904,Vardenafil,Erectile Dysfunction,10,2015-09-07,97
232044,Trazodone,Insomnia,1,2009-05-20,57
192654,Drospirenone / ethinyl estradiol,Premenstrual Dysphoric Disorde,2,2011-12-06,16
208116,Suprep Bowel Prep Kit,Bowel Preparation,6,2012-06-24,9
166140,Levonorgestrel,Birth Control,5,2017-01-11,3
172368,Clonazepam,Seizure Prevention,10,2016-12-19,13
51918,Ustekinumab,Psoriasis,10,2010-12-29,73
67744,Plan B,Emergency Contraception,10,2017-03-14,2
23368,Methadone,Pain,10,2011-02-26,37
136224,Relpax,Migraine,10,2009-06-04,8
126420,Carvedilol,Left Ventricular Dysfunction,7,2012-01-07,33
125289,Dulcolax,Constipation,4,2016-02-16,5
177081,Promethazine,Vertig,2,2009-10-04,22
26603,Sprintec,Birth Control,5,2012-03-07,1
225685,Bupropion,Depression,2,2012-01-07,20
44747,Ramipril,High Blood Pressure,10,2009-12-15,86
135180,Aranesp,"Anemia, Chemotherapy Induced",10,2009-09-05,65
134828,Nucynta ER,Pain,9,2016-12-13,36
63152,Citric acid / magnesium oxide / sodium picosulfate,Bowel Preparation,10,2016-09-22,8
86721,Zioptan,"Glaucoma, Open Angle",10,2014-01-25,20
104220,Ethinyl estradiol / levonorgestrel,Birth Control,5,2013-02-21,12
216767,Rosuvastatin,High Cholesterol,2,2014-06-17,83
104085,Ethinyl estradiol / levonorgestrel,Birth Control,8,2013-10-23,4
178853,Victoza,"Diabetes, Type 2",5,2012-07-08,23
231158,Zohydro ER,Pain,10,2017-07-19,10
162562,Rifaximin,Traveler's Diarrhea,10,2009-08-10,5
131830,Effexor XR,Major Depressive Disorde,10,2014-09-20,33
225527,Bupropion,Depression,5,2014-07-03,5
142838,Levonorgestrel,Emergency Contraception,10,2017-07-03,2
74191,Ethinyl estradiol / norethindrone,Birth Control,3,2011-03-24,17
3940,Seroquel XR,Bipolar Disorde,6,2017-06-17,2
195344,Glatiramer,Multiple Sclerosis,2,2015-10-20,41
190991,Hyoscyamine,Irritable Bowel Syndrome,8,2013-09-01,17
115816,Divalproex sodium,Bipolar Disorde,10,2016-09-01,34
50092,Gabapentin,Anxiety,9,2015-08-10,86
124400,Skyla,Birth Control,7,2015-11-24,1
192583,Drospirenone / ethinyl estradiol,Birth Control,6,2012-12-04,6
68605,Medroxyprogesterone,Birth Control,1,2017-03-15,2
31228,Miconazole,Vaginal Yeast Infection,1,2016-10-05,5
108542,Bupropion / naltrexone,Obesity,7,2015-01-20,64
179812,Adapalene / benzoyl peroxide,Acne,9,2015-10-20,10
134849,Zovirax Cream,Cold Sores,2,2016-02-04,8
148055,Norethindrone,,1,2015-10-21,1
218020,Teriparatide,Osteoporosis,8,2008-10-30,253
95794,Sertraline,Anxiety and Stress,7,2014-02-13,64
164484,Diclofenac,Migraine,9,2014-01-29,16
79251,Plan B One-Step,Emergency Contraception,10,2016-02-20,33
195388,Glatiramer,Multiple Sclerosis,9,2012-04-20,24
86692,Ammonium lactate / halobetasol,Psoriasis,10,2015-10-22,0
42285,Atenolol,Anxiety,10,2016-09-19,35
119372,Testosterone,"Hypogonadism, Male",10,2014-09-17,22
74084,Ethinyl estradiol / norethindrone,Birth Control,9,2011-08-24,19
213476,Cobicistat / elvitegravir / emtricitabine / tenofovir,HIV Infection,10,2015-03-30,57
57498,Ethinyl estradiol / ethynodiol,Birth Control,9,2012-08-02,15
537,Medroxyprogesterone,Birth Control,10,2015-03-13,17
178309,Duloxetine,ibromyalgia,1,2009-11-07,39
34273,Tramadol,Restless Legs Syndrome,10,2008-07-20,33
191668,Lisdexamfetamine,ADHD,7,2011-05-25,18
106310,Implanon,Birth Control,5,2017-05-04,2
31374,Miconazole,Vaginal Yeast Infection,1,2016-07-06,7
180909,Dienogest / estradiol,Birth Control,10,2013-05-17,4
73510,Ethinyl estradiol / norethindrone,Birth Control,9,2013-10-12,18
73746,Ethinyl estradiol / norethindrone,Birth Control,2,2012-08-29,16
18290,Embeda,Chronic Pain,1,2016-03-17,34
194885,Levetiracetam,Seizures,10,2013-05-02,1
144825,Etonogestrel,Birth Control,1,2016-01-16,8
14756,Ethinyl estradiol / norethindrone,Birth Control,1,2017-11-02,0
214330,Tioconazole,Vaginal Yeast Infection,1,2015-12-22,12
206863,Duac,Acne,9,2013-08-13,4
22001,Infliximab,Ulcerative Colitis,10,2013-05-08,46
226985,Etonogestrel,Birth Control,10,2014-11-06,10
185343,Saxenda,Obesity,5,2017-10-10,10
211853,Lamotrigine,Bipolar Disorde,8,2016-06-17,55
24815,Deplin,Depression,1,2017-06-05,14
161971,Ciprofloxacin,Urinary Tract Infection,8,2017-01-13,7
55907,Effexor,Depression,7,2009-12-02,31
5414,Penciclovir,Cold Sores,10,2013-03-19,13
209692,Lupron Depot,Endometriosis,8,2016-05-28,12
130390,Levonorgestrel,Emergency Contraception,8,2013-07-12,56
59549,Avelox,Sinusitis,10,2009-04-07,23
19741,Pregabalin,ibromyalgia,9,2010-06-10,31
228528,Geodon,Bipolar Disorde,1,2015-01-17,15
191625,Lisdexamfetamine,ADHD,10,2012-10-14,24
231406,Trazodone,Major Depressive Disorde,10,2016-10-10,10
166570,Levonorgestrel,Birth Control,10,2016-09-22,3
77387,Cogentin,Extrapyramidal Reaction,3,2010-09-26,48
10615,Mononessa,Abnormal Uterine Bleeding,1,2017-07-13,1
228456,Geodon,Bipolar Disorde,1,2017-07-29,3
179895,Adapalene / benzoyl peroxide,Acne,10,2015-02-14,13
203756,Mefenamic acid,Period Pain,1,2012-05-04,9
79755,Xarelto,Atrial Fibrillation,10,2015-11-19,50
177813,Duloxetine,Chronic Pain,8,2013-03-14,55
188268,ParaGard,Birth Control,10,2017-08-03,3
171425,Wellbutrin,Depression,1,2016-06-21,27
71256,Pramosone,Dermatitis,9,2008-10-22,5
22721,Lidocaine,Pain,1,2016-11-12,2
83242,Paxil,Depression,9,2010-06-24,48
49476,Ethinyl estradiol / levonorgestrel,Birth Control,1,2015-12-17,8
223341,Cetirizine,Allergic Rhinitis,8,2009-07-08,8
116277,Adalimumab,Psoriasis,1,2015-10-07,9
230146,Synalar Ointment,Dermatitis,7,2014-03-19,2
46950,Emsam,Depression,8,2008-04-10,85
52678,Doryx,Upper Respiratory Tract Infection,10,2010-03-03,117
100553,Desogestrel / ethinyl estradiol,Birth Control,9,2011-10-06,13
85513,Ethinyl estradiol / norgestimate,Birth Control,5,2014-12-03,6
51469,Azithromycin,Otitis Media,10,2008-02-26,59
139306,Armodafinil,Narcolepsy,2,2017-01-22,6
139457,Armodafinil,Bipolar Disorde,8,2011-07-17,22
99602,Magnesium sulfate / potassium sulfate / sodium sulfate,Bowel Preparation,1,2017-04-07,3
34596,Minocycline,Acne,2,2017-05-06,3
198234,Ranolazine,Angina,10,2009-04-15,75
108189,Bupropion / naltrexone,Obesity,8,2015-09-26,12
5503,Hylenex,Hypodermoclysis,10,2010-02-17,4
154680,Metronidazole,Bacterial Vaginitis,8,2017-07-02,6
42066,Cosentyx,Plaque Psoriasis,6,2017-09-30,3
152116,Chantix,Smoking Cessation,1,2009-07-07,13
9331,Lo Loestrin Fe,Birth Control,2,2017-01-24,3
72189,Tramadol,Back Pain,7,2014-06-13,35
96366,Sertraline,Depression,9,2010-03-07,55
109122,Nexplanon,Birth Control,3,2017-04-04,8
157315,Medrox,Muscle Pain,6,2010-05-13,1
132066,Effexor XR,Depression,9,2008-09-15,66
111499,Cipro,Urinary Tract Infection,8,2015-01-16,81
216987,Oxcarbazepine,Bipolar Disorde,8,2015-12-05,43
45794,Fluoxetine,Depression,9,2010-03-17,270
188716,ParaGard,Birth Control,9,2015-07-18,12
159256,TriNessa,Birth Control,8,2011-03-09,5
42310,Atenolol,High Blood Pressure,8,2016-02-18,43
169115,Vilazodone,Depression,10,2012-07-23,29
78309,Tapentadol,Pain,8,2011-08-10,14
108354,Bupropion / naltrexone,Obesity,10,2015-05-26,36
127184,Metoclopramide,Migraine,1,2015-09-07,24
80446,Cytomel,"Hypothyroidism, After Thyroid Removal",9,2012-07-01,169
202944,Gildess Fe 1 / 20,Birth Control,1,2016-03-10,2
162689,Terconazole,Vaginal Yeast Infection,6,2014-07-30,45
117709,Nortriptyline,Pain,10,2012-09-21,165
90115,Pneumococcal 13-valent vaccine,Pneumococcal Disease Prophylaxis,1,2016-09-05,8
210614,Mirtazapine,Insomnia,10,2017-07-31,16
206153,Eflornithine,Hirsutism,10,2011-08-06,91
139710,Etodolac,Osteoarthritis,10,2015-12-03,19
46134,Rabeprazole,GERD,10,2014-10-24,10
36027,Buprenorphine / naloxone,Opiate Dependence,8,2010-11-10,17
212586,Pamelor,Depression,8,2015-05-21,40
170602,Quetiapine,Borderline Personality Disorde,8,2014-11-26,16
99451,Magnesium sulfate / potassium sulfate / sodium sulfate,Bowel Preparation,1,2017-12-03,2
210644,Mirtazapine,Post Traumatic Stress Disorde,1,2017-04-26,4
168251,Rizatriptan,Migraine,2,2012-10-15,9
95083,Abilify,Schizoaffective Disorde,9,2009-05-07,39
224621,Levothyroxine,Underactive Thyroid,10,2008-11-19,46
33083,Seasonique,Birth Control,1,2010-07-11,4
160275,Buspirone,Anxiety,10,2017-05-07,121
73919,Ethinyl estradiol / norethindrone,Birth Control,5,2012-03-16,0
177845,Duloxetine,Chronic Pain,7,2013-05-05,61
164845,Librax,Irritable Bowel Syndrome,10,2012-04-14,45
65151,Hydrochlorothiazide,High Blood Pressure,2,2015-04-11,33
2051,Metformin,"Diabetes, Type 2",7,2017-06-29,10
129315,Levonorgestrel,Emergency Contraception,9,2015-09-05,2
216397,Sildenafil,"Sexual Dysfunction, SSRI Induced",7,2016-01-08,25
22768,Lidocaine,Hemorrhoids,6,2016-02-18,4
81208,Yaz,Birth Control,10,2017-02-07,8
85296,Ethinyl estradiol / norgestimate,Birth Control,1,2015-07-31,2
144963,Etonogestrel,Birth Control,3,2015-12-21,6
186147,Desvenlafaxine,Depression,7,2016-01-13,1
58825,Pradaxa,Prevention of Thromboembolism in Atrial Fibrillation,10,2011-11-09,73
164275,Kava,Anxiety,10,2016-07-25,14
135842,Percocet,Pain,8,2009-12-27,17
21216,Focalin XR,ADHD,7,2010-06-04,26
205328,Pristiq,Major Depressive Disorde,3,2016-11-09,6
78819,OnabotulinumtoxinA,Overactive Bladde,10,2014-08-08,134
102616,Aripiprazole,Not Listed / Othe,8,2015-07-28,0
176138,Levlen,Abnormal Uterine Bleeding,10,2009-07-16,12
229872,Femara,Breast Cance,9,2009-04-06,159
229113,Tadalafil,Erectile Dysfunction,10,2012-03-15,67
34939,Migranal,Migraine,1,2017-09-15,0
93573,Oxymorphone,Pain,9,2017-05-02,9
45058,Fluoxetine,Anxiety and Stress,1,2016-12-16,8
68413,Nalbuphine,Pain,10,2016-03-02,6
39254,Contrave,Obesity,9,2017-03-23,26
153390,Doxycycline,Acne,8,2014-02-23,21
149807,Mirena,Birth Control,5,2011-08-24,1
81919,Liraglutide,Weight Loss,1,2016-11-04,20
84733,Ethinyl estradiol / norgestimate,Birth Control,8,2016-06-17,4
126004,Viibryd,Depression,1,2013-10-28,41
168646,Vilazodone,Major Depressive Disorde,10,2017-02-15,19
199581,Depo-Provera,Birth Control,9,2014-08-04,21
111928,Gianvi,Birth Control,1,2011-07-13,4
15743,Ethinyl estradiol / norethindrone,Birth Control,2,2016-10-17,8
49018,Ethinyl estradiol / levonorgestrel,Birth Control,8,2016-10-25,7
200443,Varenicline,Smoking Cessation,10,2012-09-12,8
47386,Flonase,Rhinitis,10,2015-05-07,44
196062,Stendra,Erectile Dysfunction,2,2014-12-03,54
201468,Zoloft,Major Depressive Disorde,10,2015-10-11,41
92612,Ondansetron,Nausea/Vomiting,10,2012-01-01,5
219226,Ortho Cyclen,4</span> users found this comment helpful.,9,2015-08-18,4
126878,Dilaudid,Pain,10,2009-10-22,53
136936,Isotretinoin,Acne,1,2016-07-19,3
198368,Exenatide,"Diabetes, Type 2",7,2017-05-20,7
103011,Aripiprazole,Bipolar Disorde,1,2009-09-11,18
123042,Avinza,Pain,9,2009-11-28,32
90037,Risperdal,Schizoaffective Disorde,8,2010-03-23,24
112089,Gabapentin,ibromyalgia,8,2017-06-11,22
156615,Dulaglutide,"Diabetes, Type 2",8,2017-02-17,28
182001,Teriflunomide,Multiple Sclerosis,8,2015-11-27,35
201699,Zoloft,Depression,1,2013-08-09,38
25006,Lipitor,High Cholesterol,5,2009-08-16,98
53470,Esterified estrogens / methyltestosterone,Hot Flashes,9,2009-06-09,61
70422,Motrin IB,Pain,10,2016-07-26,7
199639,Varenicline,Smoking Cessation,8,2017-09-08,9
177455,Duloxetine,Back Pain,8,2016-07-01,25
140902,Escitalopram,Anxiety,5,2016-01-16,21
219719,Amitriptyline,Hyperhidrosis,1,2017-10-12,1
5358,Cryselle,Birth Control,3,2014-01-23,3
162422,Loratadine / pseudoephedrine,Allergic Rhinitis,5,2017-08-23,5
76297,Azithromycin Dose Pack,Upper Respiratory Tract Infection,10,2012-12-30,84
136014,Acamprosate,Alcohol Dependence,10,2017-05-04,58
216969,Oxcarbazepine,Bipolar Disorde,10,2016-06-11,41
144034,Etonogestrel,Birth Control,10,2016-07-11,6
22619,Pylera,Helicobacter Pylori Infection,1,2015-05-31,10
43603,Hydromorphone,Pain,10,2008-08-20,116
107190,Implanon,Birth Control,9,2012-04-30,0
19342,Pregabalin,Postherpetic Neuralgia,10,2015-11-28,18
155119,Metronidazole,Bacterial Vaginitis,9,2016-04-01,4
138582,Phentermine,Weight Loss,10,2013-03-03,46
215591,Copper,Birth Control,1,2017-07-09,1
50271,Gabapentin,Occipital Neuralgia,9,2014-06-18,15
54464,Bupropion / naltrexone,Obesity,9,2017-09-14,30
74116,Ethinyl estradiol / norethindrone,Birth Control,6,2011-07-12,2
91681,Protonix IV,Stomach Ulce,10,2016-02-04,14
134176,Prednisone,"Uveitis, Posteri",3,2015-09-13,1
202632,Hydroxychloroquine,Sjogren's Syndrome,10,2015-08-30,53
30724,Miconazole,Vaginal Yeast Infection,1,2017-07-22,13
50418,Gabapentin,Postherpetic Neuralgia,10,2013-08-01,199
19148,Pregabalin,Neuropathic Pain,8,2017-05-09,2
192609,Drospirenone / ethinyl estradiol,Birth Control,9,2012-07-30,8
117484,Nortriptyline,Neuralgia,1,2016-09-09,6
128510,Phentermine,Obesity,9,2015-08-05,21
97165,Ambien,Insomnia,4,2012-07-28,16
148610,Mirena,Birth Control,1,2017-02-08,6
66912,Seroquel,Depression,10,2010-11-26,39
71495,Vraylar,Schizophrenia,7,2017-04-10,8
220447,Loestrin 24 Fe,Birth Control,10,2011-12-06,1
175687,Levaquin,Sinusitis,1,2017-04-11,16
95080,Abilify,Depression,2,2009-05-17,38
203522,Nasonex,Allergic Rhinitis,2,2015-12-15,21
79696,Xarelto,Deep Vein Thrombosis,7,2015-03-17,17
47795,Adapalene,Acne,9,2017-01-10,25
2496,Camrese,Birth Control,1,2016-06-21,6
29022,GaviLyte-N,Bowel Preparation,6,2013-04-03,15
223352,Cetirizine,Allergic Rhinitis,8,2009-03-09,13
169659,Amitriptyline,Migraine Prevention,6,2012-01-31,20
122176,Venlafaxine,Depression,5,2009-07-06,22
181344,Prozac,Major Depressive Disorde,8,2016-04-16,54
163285,Acetaminophen / dichloralphenazone / isometheptene mucate,Headache,10,2011-04-13,14
201401,Zoloft,Social Anxiety Disorde,9,2014-12-12,184
27628,Dimenhydrinate,Motion Sickness,10,2016-12-31,8
159917,Bactrim,Acne,10,2014-08-01,34
107565,Implanon,Birth Control,10,2010-11-29,251
220426,Loestrin 24 Fe,Birth Control,9,2012-01-23,0
35066,Levofloxacin,Sinusitis,1,2017-06-28,15
119274,Testosterone,"Hypogonadism, Male",2,2016-07-19,13
127428,Phentermine,Weight Loss,4,2017-11-01,2
113554,Acetaminophen / butalbital / caffeine,Headache,1,2017-04-25,13
98906,Microgestin 1 / 20,Birth Control,10,2009-04-26,6
44135,Ethinyl estradiol / norgestimate,,9,2011-10-17,1
197698,Desvenlafaxine,Depression,8,2009-08-06,12
130004,Levonorgestrel,Birth Control,9,2015-01-28,15
174967,AndroGel,"Hypogonadism, Male",6,2011-08-10,39
121731,Venlafaxine,Postpartum Depression,10,2014-03-17,11
63557,Epiduo,Acne,1,2015-08-27,6
150590,Sulfamethoxazole / trimethoprim,Acne,8,2016-01-07,8
74441,Ethinyl estradiol / norethindrone,Birth Control,2,2010-05-21,5
208289,Oseltamivir,Influenza,9,2016-12-29,4
206292,Mesalamine,"Crohn's Disease, Maintenance",9,2016-03-08,4
40233,Savella,ibromyalgia,8,2016-05-30,60
165445,Levonorgestrel,Birth Control,10,2017-06-04,3
185986,Desvenlafaxine,Depression,6,2016-12-22,7
163105,ella,Emergency Contraception,1,2016-04-22,18
86821,Midazolam,Light Sedation,1,2016-11-10,2
139361,Armodafinil,Shift Work Sleep Disorde,8,2013-11-06,22
77888,Moxifloxacin,Pneumonia,5,2008-02-27,33
77741,Moxifloxacin,Bronchitis,8,2012-04-19,12
117806,Multivitamin with minerals,Vitamin/Mineral Supplementation and Deficiency,1,2017-08-14,2
207477,Suprep Bowel Prep Kit,Bowel Preparation,10,2017-03-25,24
141941,Escitalopram,Depression,9,2009-11-17,272
153900,Amoxicillin,Bronchitis,8,2011-01-05,7
82639,Liraglutide,"Diabetes, Type 2",8,2010-10-03,21
150873,Sulfamethoxazole / trimethoprim,Bacterial Skin Infection,8,2011-06-07,30
207733,Suprep Bowel Prep Kit,Bowel Preparation,9,2015-11-08,3
79898,Blisovi Fe 1 / 20,Birth Control,7,2017-07-12,0
181657,Prozac,Anxiety and Stress,10,2013-05-25,193
228356,Butrans,Chronic Pain,2,2016-12-20,17
68168,Plan B,Emergency Contraception,9,2015-07-17,8
120920,Venlafaxine,Depression,1,2017-11-17,2
54518,Bupropion / naltrexone,Weight Loss,8,2017-07-04,6
33867,Junel Fe 1 / 20,Birth Control,1,2016-04-29,8
175974,Levaquin,Skin or Soft Tissue Infection,1,2008-10-29,9
116829,Lamictal,Bipolar Disorde,9,2015-02-18,59
84299,Ethinyl estradiol / norgestimate,Birth Control,8,2017-01-24,1
34646,Minocycline,Acne,7,2016-07-18,4
208486,Clomid,emale Infertility,10,2016-06-01,74
106978,Implanon,Birth Control,6,2013-11-04,3
213858,Tioconazole,Vaginal Yeast Infection,7,2016-11-09,6
165938,Levonorgestrel,Birth Control,9,2017-02-26,9
204129,Dilantin,Seizures,4,2009-10-17,14
61690,Citalopram,Depression,8,2016-06-28,11
185512,Saxenda,Obesity,1,2017-04-27,13
33616,Microgestin Fe 1 / 20,Birth Control,8,2013-08-17,38
102203,Spiriva,"COPD, Maintenance",9,2016-07-02,18
223239,Estradiol,Postmenopausal Symptoms,10,2009-10-02,53
27466,Requip,Restless Legs Syndrome,4,2013-01-13,28
59788,NuvaRing,Birth Control,3,2016-05-14,11
30649,Miconazole,Vaginal Yeast Infection,1,2017-10-07,7
98143,Nexplanon,Birth Control,1,2015-07-24,1
210177,Linzess,Constipation,8,2017-01-05,21
69158,Celebrex,Osteoarthritis,8,2017-01-09,39
19954,Macrobid,Urinary Tract Infection,10,2017-07-19,24
17733,Ethinyl estradiol / etonogestrel,Birth Control,3,2015-09-05,6
88966,Singulair,Asthma,3,2017-08-08,7
227093,Etonogestrel,Birth Control,8,2014-06-06,9
25241,Tofacitinib,Rheumatoid Arthritis,10,2013-08-09,102
212560,Lysine,"Herpes Simplex, Suppression",10,2016-11-30,87
154397,Nasacort Allergy 24HR,Allergic Rhinitis,3,2015-09-08,1
11589,Pramipexole,Restless Legs Syndrome,9,2013-03-14,55
147649,Alprazolam,Anxiety,7,2009-05-14,36
21131,Paliperidone,Bipolar Disorde,5,2014-05-01,5
107125,Implanon,Birth Control,10,2013-01-11,5
228609,Metformin / saxagliptin,min / saxagliptin),10,2013-09-19,14
154557,Bunavail,Opiate Dependence,3,2017-06-20,1
71152,Viberzi,Irritable Bowel Syndrome,10,2016-09-28,13
12637,Cyclosporine,Keratoconjunctivitis Sicca,10,2015-03-07,28
133369,Soolantra,Rosacea,10,2017-07-18,10
130524,Levonorgestrel,Emergency Contraception,9,2012-07-13,19
19297,Pregabalin,Neuropathic Pain,4,2016-06-05,48
136352,Mirvaso,Rosacea,1,2016-05-24,20
120572,Acetaminophen / aspirin / caffeine,Migraine,5,2009-11-09,5
19887,Macrobid,Urinary Tract Infection,1,2017-10-04,19
7149,Aluminum chloride hexahydrate,Hyperhidrosis,4,2011-10-25,0
154933,Metronidazole,Diverticulitis,10,2017-03-22,23
186206,Desvenlafaxine,Depression,2,2013-07-31,22
207483,Suprep Bowel Prep Kit,Bowel Preparation,9,2017-03-10,25
134412,Prednisone,Inflammatory Conditions,9,2012-06-12,39
66629,Seroquel,Bipolar Disorde,4,2017-02-09,14
192955,Drospirenone / ethinyl estradiol,Menstrual Disorders,8,2009-10-10,3
188656,ParaGard,Birth Control,10,2015-09-22,12
203390,Halcion,Insomnia,10,2016-07-29,15
146327,Suboxone,Opiate Dependence,10,2008-08-08,30
199201,Depo-Provera,Abnormal Uterine Bleeding,1,2015-10-29,7
20854,Ramelteon,Insomnia,6,2017-04-15,11
58779,Azelaic acid,Acne,7,2015-11-25,9
200836,Varenicline,Smoking Cessation,10,2009-04-28,6
228109,Etonogestrel,Birth Control,7,2010-06-29,5
122100,Venlafaxine,ibromyalgia,6,2010-10-06,21
86593,Invokana,"Diabetes, Type 2",6,2014-12-15,27
219814,Amitriptyline,Pain,3,2017-06-04,36
161030,Risperidone,Paranoid Disorde,9,2015-03-09,13
44935,Fluoxetine,Depression,3,2017-07-27,1
36331,Imiquimod,Human Papilloma Virus,10,2014-12-08,49
166119,Levonorgestrel,Emergency Contraception,1,2017-01-21,5
133083,Tri-Sprintec,Birth Control,5,2015-10-03,4
166418,Levonorgestrel,Birth Control,5,2016-11-05,7
218646,Colesevelam,"Diarrhea, Chronic",9,2016-06-22,8
113786,Fulvestrant,"Breast Cancer, Metastatic",2,2010-05-31,3
194376,Crestor,High Cholesterol,3,2016-12-11,75
110306,Nexplanon,Birth Control,7,2016-02-29,5
93868,Trintellix,Depression,2,2017-09-03,34
227135,Etonogestrel,Birth Control,5,2014-05-26,6
29189,Topiramate,Migraine Prevention,4,2016-11-21,31
23659,Natalizumab,Multiple Sclerosis,10,2015-01-14,75
7276,Aluminum chloride hexahydrate,Hyperhidrosis,10,2011-01-05,0
177585,Duloxetine,Depression,9,2015-10-08,47
158669,Methylphenidate,,8,2011-03-28,2
24443,Polyethylene glycol 3350 with electrolytes,Bowel Preparation,8,2016-06-29,10
50597,Gabapentin,Bipolar Disorde,8,2011-01-06,59
177724,Duloxetine,ibromyalgia,1,2015-01-27,28
24114,Tretinoin,Acne,7,2015-12-26,21
213927,Tioconazole,Vaginal Yeast Infection,1,2016-09-21,8
57360,Oxymorphone,Pain,9,2012-02-20,83
53698,Tylenol with Codeine #3,Pain,10,2016-09-09,8
229734,Lurasidone,Bipolar Disorde,9,2012-06-13,43
166555,Levonorgestrel,Birth Control,6,2016-09-26,7
35676,Buprenorphine / naloxone,Opiate Dependence,10,2017-01-15,27
181693,Prozac,Anxiety and Stress,7,2011-07-31,40
68758,Medroxyprogesterone,Birth Control,6,2016-11-14,4
186205,Desvenlafaxine,Depression,9,2013-08-04,39
13696,Amphetamine / dextroamphetamine,ADHD,9,2010-03-24,14
198382,Exenatide,"Diabetes, Type 2",8,2017-03-07,14
158888,TriNessa,Acne,3,2017-07-15,3
51193,Azithromycin,Chlamydia Infection,9,2016-02-04,8
16441,Ethinyl estradiol / norethindrone,Birth Control,4,2016-01-19,4
169846,Amitriptyline,Migraine Prevention,9,2009-05-09,80
57659,Acetaminophen / hydrocodone,Pain,10,2015-11-05,7
185841,Saxenda,Obesity,1,2015-11-16,18
134261,Prednisone,Sinusitis,8,2016-08-12,18
88701,Fluticasone,Nasal Polyps,9,2016-03-21,18
131664,Effexor XR,Depression,2,2016-06-20,25
8424,Zolpidem,Insomnia,9,2013-03-13,75
121271,Venlafaxine,Depression,6,2016-07-25,15
39978,Contrave,Obesity,10,2015-07-15,4
168897,Vilazodone,Depression,8,2013-02-11,49
51065,Azithromycin,Chlamydia Infection,10,2016-09-18,2
37388,Vyvanse,Binge Eating Disorde,9,2015-04-04,17
142886,Etonogestrel,Birth Control,3,2017-09-13,6
172507,Clonazepam,Anxiety,10,2016-03-27,69
99564,Magnesium sulfate / potassium sulfate / sodium sulfate,Bowel Preparation,10,2017-07-10,21
186742,Benicar,High Blood Pressure,8,2013-05-27,94
43650,LoSeasonique,Birth Control,1,2010-01-30,16
61355,Citalopram,Depression,8,2017-09-18,4
216912,Lifitegrast,Dry Eye Disease,1,2017-03-13,23
11198,Drospirenone / ethinyl estradiol / levomefolate calcium,,2,2011-12-01,0
128064,Phentermine,Weight Loss,8,2016-06-27,14
91921,Lyrica,Neuropathic Pain,9,2015-10-29,32
33945,Junel Fe 1 / 20,Birth Control,7,2015-01-01,10
23745,Hycodan,Cough,10,2008-03-26,15
104315,Ethinyl estradiol / levonorgestrel,Birth Control,9,2012-07-17,3
118361,Naltrexone,ibromyalgia,10,2013-08-20,121
93578,Oxymorphone,Pain,1,2017-02-27,23
18767,Icosapent,Hypertriglyceridemia,6,2015-07-19,20
123118,Azelastine,Allergic Rhinitis,1,2016-02-10,12
177193,Duloxetine,Depression,1,2017-11-02,3
116211,Adalimumab,Psoriatic Arthritis,9,2016-04-08,26
213314,Nuvigil,Chronic Fatigue Syndrome,7,2011-03-26,25
36062,Efinaconazole,"Onychomycosis, Toenail",6,2016-07-07,12
58842,Pradaxa,Prevention of Thromboembolism in Atrial Fibrillation,10,2016-03-06,27
123045,Avinza,Pain,9,2009-09-29,17
159766,Bactrim,Acne,10,2016-11-23,2
171757,Loratadine,Allergic Rhinitis,1,2010-06-04,29
29534,Topiramate,Migraine Prevention,3,2014-05-06,12
61500,Citalopram,Depression,4,2017-05-22,7
214388,Tioconazole,Vaginal Yeast Infection,1,2015-10-06,4
135804,Percocet,Pain,8,2012-11-11,48
179128,Olanzapine,Borderline Personality Disorde,1,2017-05-16,6
227571,Etonogestrel,Birth Control,5,2012-08-20,2
101120,Rexulti,Major Depressive Disorde,1,2016-04-24,32
26572,Sprintec,Birth Control,9,2013-06-17,7
125471,Dulcolax,Constipation,8,2013-05-06,21
9763,Lo Loestrin Fe,Birth Control,9,2015-07-23,1
84319,Ethinyl estradiol / norgestimate,Birth Control,1,2017-01-05,6
133872,Sanctura,Overactive Bladde,4,2016-01-27,15
202736,Hydroxychloroquine,Systemic Lupus Erythematosus,8,2014-05-28,65
51852,Ustekinumab,Psoriasis,9,2014-08-18,43
212256,Lamotrigine,Bipolar Disorde,10,2012-04-10,9
176266,Lorazepam,Anxiety,10,2016-03-27,20
192324,Drospirenone / ethinyl estradiol,Birth Control,8,2015-06-04,9
218181,Amoxicillin / clavulanate,Sinusitis,4,2016-08-27,40
213790,Tioconazole,Vaginal Yeast Infection,10,2017-01-18,1
53365,Clozapine,Schizophrenia,9,2014-03-16,62
163330,Benadryl Allergy,Urticaria,5,2008-12-10,7
22858,Luminal,Seizures,9,2016-12-02,5
94094,Trintellix,Major Depressive Disorde,7,2016-01-20,26
223236,Estradiol,Postmenopausal Symptoms,9,2009-10-16,12
23972,Tolterodine,Overactive Bladde,10,2013-03-24,25
208854,Belsomra,Insomnia,9,2016-08-08,21
43252,Hydromorphone,Chronic Pain,8,2014-05-05,50
76059,Benadryl,Allergic Reactions,8,2014-10-28,17
144539,Etonogestrel,Birth Control,2,2016-03-21,4
94361,Trintellix,Depression,8,2014-02-03,88
183904,Mometasone,Allergic Rhinitis,10,2016-06-11,12
128880,Phentermine,Weight Loss,10,2014-06-26,26
38924,Contrave,Obesity,5,2017-09-25,13
53208,Insulin lispro,"Diabetes, Type 2",2,2016-10-28,2
41300,Acetaminophen / oxycodone,Chronic Pain,8,2012-09-22,67
109134,Nexplanon,Birth Control,5,2017-03-31,1
189679,Oxycodone,Pain,9,2009-01-15,7
130364,Levonorgestrel,Birth Control,9,2013-09-07,22
99109,Lutera,Birth Control,9,2013-04-24,8
139200,Phentermine,Weight Loss,10,2008-07-16,163
201045,Zoloft,Obsessive Compulsive Disorde,10,2017-05-10,13
143994,Etonogestrel,Birth Control,3,2016-07-28,3
96935,Ambien,Insomnia,9,2016-08-14,30
217773,Strattera,ADHD,1,2015-11-09,15
56825,Meclizine,Vertig,4,2013-06-21,47
38250,Albuterol,"Asthma, acute",1,2017-10-25,2
192711,Drospirenone / ethinyl estradiol,Polycystic Ovary Syndrome,9,2011-03-23,13
159727,Bactrim,Bacterial Skin Infection,8,2017-02-12,44
16117,Ethinyl estradiol / norethindrone,,2,2016-05-10,1
216578,Sucralfate,Duodenal Ulce,9,2016-09-06,23
184896,Canagliflozin,"Diabetes, Type 2",1,2014-10-19,45
111419,Ledipasvir / sofosbuvir,Hepatitis C,2,2015-08-24,28
201218,Zoloft,Social Anxiety Disorde,5,2016-08-06,17
214171,Tioconazole,Vaginal Yeast Infection,1,2016-03-24,1
56889,Meclizine,Vertig,9,2010-11-30,35
100917,Orlistat,Obesity,10,2009-11-21,101
94122,Trintellix,Major Depressive Disorde,10,2016-02-20,60
160574,Buspirone,Anxiety,8,2015-03-03,25
207548,Suprep Bowel Prep Kit,Bowel Preparation,7,2016-07-15,10
120958,Venlafaxine,Anxiety and Stress,4,2017-05-06,9
96949,Ambien,Insomnia,9,2016-03-31,18
50882,Azithromycin,Bronchitis,9,2017-05-09,5
104670,Ethinyl estradiol / levonorgestrel,Birth Control,1,2011-03-28,1
2770,Mydayis,ADHD,1,2017-09-12,10
53897,Fluocinolone,Atopic Dermatitis,10,2012-06-14,9
22531,Biotin,Dietary Supplementation,9,2017-06-20,6
105627,Methylprednisolone,Dermatologic Lesion,6,2016-07-09,3
20386,Metformin / sitagliptin,min / sitagliptin),10,2015-09-13,22
113453,Bisacodyl,Bowel Preparation,10,2014-07-16,4
152301,Ciprofloxacin,Urinary Tract Infection,9,2014-06-06,34
28625,Lexapro,Depression,9,2011-05-29,10
49784,Gabapentin,Bipolar Disorde,10,2016-07-20,88
45060,Fluoxetine,Depression,3,2016-12-14,7
6392,Ocella,Birth Control,10,2015-12-03,5
4361,Belviq,Weight Loss,9,2017-03-30,15
7030,Aluminum chloride hexahydrate,Hyperhidrosis,10,2014-09-07,34
122646,Linaclotide,"Constipation, Chronic",10,2015-11-19,34
226667,Etonogestrel,Birth Control,1,2015-05-19,6
201713,Zoloft,Panic Disorde,2,2013-07-04,27
10649,Spironolactone,Alopecia,9,2011-01-14,133
200180,Varenicline,Smoking Cessation,10,2015-01-24,64
140213,Bromfed DM,Cough and Nasal Congestion,10,2013-12-21,25
105823,Atomoxetine,ADHD,10,2016-09-04,30
116675,Lamictal,Bipolar Disorde,5,2017-05-19,19
119920,Losartan,High Blood Pressure,1,2015-07-23,66
87671,Lasix,Edema,7,2008-10-09,81
153833,Amoxicillin,Dental Abscess,10,2014-03-15,67
7293,Aluminum chloride hexahydrate,Hyperhidrosis,2,2010-08-23,3
132429,Ativan,Insomnia,10,2008-12-30,141
44522,Ethinyl estradiol / norgestimate,,5,2009-12-05,3
19387,Pregabalin,Occipital Neuralgia,10,2015-06-17,8
218472,Amoxicillin / clavulanate,Bacterial Infection,10,2008-06-05,44
196903,Paroxetine,Depression,10,2016-04-03,54
159760,Bactrim,Urinary Tract Infection,1,2016-12-24,17
109674,Nexplanon,Birth Control,7,2016-08-21,2
160810,Buspirone,Anxiety,10,2009-08-06,131
178030,Duloxetine,Depression,6,2012-02-16,12
15919,Ethinyl estradiol / norethindrone,Birth Control,4,2016-07-25,2
57497,Ethinyl estradiol / ethynodiol,Birth Control,10,2012-10-20,9
32205,Wellbutrin XL,Depression,10,2008-12-04,190
232120,Itraconazole,Not Listed / Othe,2,2016-07-02,3
218304,Amoxicillin / clavulanate,Otitis Media,9,2014-05-15,10
182460,Mirena,Birth Control,10,2009-10-17,89
188274,ParaGard,Birth Control,2,2017-07-31,8
171153,Methylnaltrexone,"Constipation, Drug Induced",10,2013-12-24,47
185657,Saxenda,Obesity,10,2016-10-19,19
15166,Ethinyl estradiol / norethindrone,Birth Control,2,2017-05-18,2
148876,Mirena,Birth Control,7,2015-11-16,10
123884,Skyla,Birth Control,10,2016-10-13,9
33182,Microgestin Fe 1 / 20,Birth Control,10,2017-05-10,41
155700,Metronidazole,Bacterial Infection,6,2009-12-08,3
129414,Levonorgestrel,Emergency Contraception,8,2015-08-07,1
102828,Aripiprazole,Depression,8,2013-04-10,105
64070,Sertraline,Depression,8,2017-01-22,8
125763,Viibryd,Depression,2,2017-10-12,2
182014,Cutivate,Atopic Dermatitis,9,2011-10-30,4
117141,Lamictal,Bipolar Disorde,10,2008-03-01,101
144505,Etonogestrel,Birth Control,1,2016-03-30,6
197205,Paroxetine,Depression,10,2013-10-29,59
72989,Ethinyl estradiol / norethindrone,Acne,2,2015-03-31,6
18786,Cyred,Birth Control,1,2016-11-04,4
194509,Atorvastatin,High Cholesterol,10,2016-04-29,66
81986,Liraglutide,"Diabetes, Type 2",9,2016-10-17,53
10346,Breo Ellipta,Asthma,9,2016-06-30,10
171506,Wellbutrin,Depression,10,2015-09-10,55
145869,Qsymia,Weight Loss,10,2013-06-24,86
178934,Victoza,"Diabetes, Type 2",1,2013-07-19,22
220166,Amitriptyline,Pain,10,2015-07-09,90
144337,Etonogestrel,Birth Control,1,2016-05-04,0
207639,Suprep Bowel Prep Kit,Bowel Preparation,10,2016-06-17,11
89364,Celexa,Anxiety and Stress,1,2015-01-17,42
208527,Limbrel,Osteoarthritis,9,2012-04-07,11
35551,Prilosec,GERD,5,2009-12-30,56
51983,Adipex-P,Weight Loss,10,2015-07-04,76
164023,Fluorouracil,Actinic Keratosis,10,2016-06-27,32
42973,Talwin Nx,Pain,8,2017-03-10,4
76854,Lorcaserin,Weight Loss,10,2015-11-12,90
80215,Benzonatate,Cough,1,2015-06-16,7
175159,Relistor,"Constipation, Drug Induced",10,2014-11-18,42
213386,Nuvigil,Chronic Fatigue Syndrome,9,2009-07-06,113
42588,Concerta,ADHD,5,2013-01-09,27
970,Pentosan polysulfate sodium,Interstitial Cystitis,8,2017-03-07,26
128914,Phentermine,Weight Loss,9,2014-05-14,34
162176,Denosumab,Osteoporosis,1,2016-08-26,126
40250,Savella,ibromyalgia,10,2015-11-01,80
48693,Ethinyl estradiol / levonorgestrel,Birth Control,6,2017-04-19,6
209550,Praluent,High Cholesterol,9,2017-04-15,8
188437,ParaGard,Birth Control,10,2017-03-09,9
57129,MiraLax,"Constipation, Acute",10,2012-03-13,109
218170,Amoxicillin / clavulanate,Upper Respiratory Tract Infection,6,2016-09-23,7
87035,Latuda,Bipolar Disorde,10,2015-11-20,29
203119,Fentanyl Transdermal System,Pain,7,2016-05-16,14
200616,Varenicline,Smoking Cessation,10,2009-07-26,62
48307,Tarceva,Non-Small Cell Lung Cance,10,2016-12-18,33
110922,Farxiga,"Diabetes, Type 2",9,2015-01-28,30
65987,Propranolol,Migraine Prevention,8,2013-09-29,14
96143,Sertraline,Depression,10,2011-10-27,45
153223,Doxycycline,Bacterial Infection,9,2015-08-22,17
55500,Belviq,Weight Loss,10,2013-06-19,160
164994,Phentermine / topiramate,Weight Loss,7,2015-08-21,34
89383,Celexa,Anxiety and Stress,6,2013-12-11,49
92656,Ondansetron,Nausea/Vomiting,10,2008-08-17,20
146739,Alprazolam,Anxiety,1,2017-10-03,23
184812,Canagliflozin,"Diabetes, Type 2",10,2015-10-21,48
184058,Hydroxyzine,Pain,9,2016-12-20,10
169939,Halobetasol,Psoriasis,9,2014-09-12,11
180964,Biaxin,Sinusitis,1,2009-05-04,14
90423,Docosanol,Herpes Simplex,10,2017-01-27,1
124511,Skyla,Birth Control,3,2015-06-01,7
55000,Bupropion / naltrexone,Weight Loss,10,2016-08-01,20
224845,Bupropion,Major Depressive Disorde,5,2016-12-29,12
157309,Kenalog-40,Allergic Rhinitis,10,2009-06-25,21
27407,Requip,Restless Legs Syndrome,1,2015-11-03,19
168698,Vilazodone,Depression,10,2015-12-10,60
47010,Thyroid desiccated,Underactive Thyroid,10,2016-12-16,108
118647,Drospirenone / ethinyl estradiol,Menstrual Disorders,2,2017-11-15,1
159982,Bactrim,Urinary Tract Infection,3,2009-09-17,14
145041,Etonogestrel,Birth Control,5,2015-12-02,0
56248,Humira,Psoriatic Arthritis,9,2016-01-27,24
138841,Phentermine,Weight Loss,10,2010-11-04,11
104397,Ethinyl estradiol / levonorgestrel,Birth Control,8,2012-04-03,0
208790,Belsomra,Insomnia,1,2016-12-18,21
118778,Zoloft,Postpartum Depression,10,2012-03-31,21
73399,Ethinyl estradiol / norethindrone,Acne,6,2014-05-31,11
47961,Naproxen / sumatriptan,Migraine,9,2010-07-25,5
9639,Lo Loestrin Fe,Birth Control,9,2015-12-10,3
172969,Clonazepam,Bipolar Disorde,10,2013-01-19,35
119313,Testosterone,"Hypogonadism, Male",1,2016-02-09,12
17680,Ethinyl estradiol / etonogestrel,Birth Control,3,2015-11-19,5
91128,Botox,Strabismus,10,2016-12-18,0
205645,Pristiq,Anxiety,4,2011-10-08,7
95202,Guanfacine,ADHD,8,2014-12-26,75
177057,Promethazine,Allergic Rhinitis,9,2015-08-31,5
214845,Prenatal Plus,Vitamin/Mineral Supplementation during Pregnancy/Lactation,10,2011-06-28,8
20442,Vimpat,Seizures,8,2014-07-04,32
115319,Propofol,Anesthesia,9,2017-02-04,6
171233,Levitra,Erectile Dysfunction,8,2011-07-25,26
163580,Mirtazapine,Insomnia,9,2015-01-25,165
27366,Fenofibrate,"Hyperlipoproteinemia Type IIa, Elevated LDL",7,2015-04-11,13
160043,E-Z-Gas II,Gas,10,2010-11-11,3
127046,Metoclopramide,Nausea/Vomiting,10,2013-03-30,50
174746,Intelence,HIV Infection,8,2015-05-03,1
24216,Tretinoin,Acne,9,2015-03-16,76
69771,Chlorpheniramine / hydrocodone,Cough,9,2011-09-08,16
75411,Azathioprine,Ulcerative Colitis,1,2016-10-02,1
227936,Etonogestrel,Birth Control,9,2011-03-01,3
96325,Sertraline,Anxiety and Stress,7,2010-05-07,85
65258,Ertaczo,Tinea Pedis,10,2013-01-11,9
198523,Minipress,Post Traumatic Stress Disorde,9,2011-07-31,57
89986,Risperdal,Autism,9,2013-03-01,198
72343,Tramadol,Pain,9,2012-01-28,6
8095,Xanax,Panic Disorde,7,2008-04-06,120
53617,Alesse,Birth Control,10,2015-04-19,6
135405,Tamiflu,Influenza,3,2016-04-16,6
8359,Zolpidem,Insomnia,10,2014-08-26,45
23819,Amethyst,Birth Control,2,2016-01-10,2
78865,Sensipar,Secondary Hyperparathyroidism,1,2009-09-14,20
183039,Cymbalta,Major Depressive Disorde,10,2015-01-08,32
177511,Duloxetine,Depression,9,2016-02-04,15
198748,Depo-Provera,Birth Control,9,2016-12-22,7
153510,Doxycycline,Acne,9,2013-01-19,35
72994,Ethinyl estradiol / norethindrone,Birth Control,7,2015-03-27,3
109338,Nexplanon,Birth Control,10,2017-01-12,7
211339,Mirabegron,Overactive Bladde,10,2017-06-26,11
190850,Lupron,Endometriosis,1,2013-11-03,32
228317,Butrans,Chronic Pain,3,2016-06-09,20
152707,Furosemide,Edema,8,2010-04-06,85
208085,Zyclara,Keratosis,8,2015-11-23,19
46002,Phendimetrazine,Obesity,10,2015-10-01,29
98129,Nexplanon,Birth Control,9,2015-07-27,2
163590,Mirtazapine,Depression,7,2014-08-08,108
52007,Adipex-P,Weight Loss,10,2015-03-26,92
3806,Fioricet,Headache,1,2010-05-13,13
44573,Asacol,Ulcerative Colitis,10,2012-02-10,33
190225,Ortho Tri-Cyclen Lo,Ovarian Cysts,5,2016-05-10,7
138628,Phentermine,Weight Loss,9,2012-04-27,6
88447,Adderall,ADHD,9,2012-04-20,14
128965,Levonorgestrel,Birth Control,9,2015-11-24,2
173912,Provigil,Narcolepsy,9,2009-07-17,22
89486,Celexa,Anxiety and Stress,8,2014-10-05,178
9507,Lo Loestrin Fe,Birth Control,1,2016-03-31,8
130366,Levonorgestrel,Emergency Contraception,10,2013-09-02,14
197738,Desvenlafaxine,Depression,10,2008-10-24,63
48696,Ethinyl estradiol / levonorgestrel,Birth Control,5,2017-04-17,6
48240,Amerge,Migraine,10,2017-02-04,7
161409,Ortho Tri-Cyclen,6</span> users found this comment helpful.,3,2014-06-28,6
112900,Bisacodyl,Constipation,10,2017-09-26,5
27545,Ivermectin,Rosacea,8,2017-03-06,17
142126,Escitalopram,Depression,9,2008-09-28,18
77922,Sulfacetamide sodium,Conjunctivitis,8,2013-11-10,0
54049,Ritalin,ADHD,7,2014-10-12,49
197461,Paroxetine,Depression,9,2010-01-24,24
222275,Kyleena,Birth Control,6,2017-12-12,0
64244,Sertraline,Depression,1,2016-11-14,12
177941,Duloxetine,ibromyalgia,9,2013-01-12,53
34040,Zoledronic acid,Prevention of Osteoporosis,10,2015-10-29,25
117811,Multivitamin with minerals,Vitamin/Mineral Supplementation and Deficiency,10,2016-11-25,0
153063,Doxycycline,Acne,8,2016-10-09,6
92776,Vortioxetine,Major Depressive Disorde,1,2017-10-02,15
210476,Linzess,Irritable Bowel Syndrome,7,2013-02-02,45
148923,Mirena,Birth Control,1,2016-03-05,4
31629,Miconazole,Vaginal Yeast Infection,4,2016-01-03,0
108810,Nexplanon,Birth Control,3,2017-09-22,7
60588,Claravis,Acne,9,2013-05-07,24
85799,Ethinyl estradiol / norgestimate,Birth Control,7,2013-09-09,10
154222,Cyanocobalamin,B12 Nutritional Deficiency,10,2013-05-05,18
202746,Hydroxychloroquine,Rheumatoid Arthritis,7,2013-07-02,157
25697,Ethinyl estradiol / norelgestromin,Birth Control,10,2014-08-19,28
156300,Ropinirole,Restless Legs Syndrome,6,2016-08-28,13
28881,Lexapro,Depression,8,2009-01-19,22
107495,Implanon,Birth Control,10,2011-02-28,0
80355,Aleve,"Gout, Acute",10,2016-02-21,22
146204,Suboxone,Opiate Dependence,9,2010-12-28,11
178323,Duloxetine,ibromyalgia,10,2009-10-08,77
168972,Vilazodone,Depression,1,2012-08-29,13
73122,Ethinyl estradiol / norethindrone,Birth Control,10,2015-01-02,19
76094,Portia,Birth Control,6,2016-02-17,2
228653,Alprostadil,Erectile Dysfunction,1,2016-05-28,34
35842,Buprenorphine / naloxone,Opiate Dependence,10,2015-01-11,123
103576,Synthroid,Underactive Thyroid,1,2010-01-09,43
55740,Effexor,Depression,10,2015-08-04,27
92814,Vortioxetine,Major Depressive Disorde,7,2017-09-06,39
132949,Loestrin 24 Fe,Birth Control,8,2013-02-26,13
125662,Flagyl,Bacterial Infection,5,2016-11-23,5
176979,Promethazine,Opiate Adjunct,9,2013-04-08,19
31832,Miconazole,Vaginal Yeast Infection,1,2015-08-23,0
154455,Clopidogrel,Platelet Aggregation Inhibition,8,2015-01-22,19
50833,Azithromycin,Chlamydia Infection,6,2017-08-16,4
194021,Gildess Fe 1.5 / 30,Birth Control,9,2014-07-10,46
5032,Belviq,Weight Loss,10,2014-04-03,69
55294,Bupropion / naltrexone,Obesity,10,2015-11-30,11
184835,Canagliflozin,"Diabetes, Type 2",10,2015-02-07,26
38229,Albuterol,"COPD, Maintenance",10,2012-05-14,66
82306,Liraglutide,"Diabetes, Type 2",10,2014-10-24,43
223616,Astelin,Allergic Rhinitis,10,2009-08-04,28
91026,Norco,Pain,8,2009-09-28,9
80766,Atropine / hyoscyamine / phenobarbital / scopolamine,Irritable Bowel Syndrome,9,2010-02-25,49
107813,Implanon,Birth Control,10,2009-06-11,10
183721,Cymbalta,Depression,10,2009-03-29,61
5623,Aldactone,Acne,10,2010-03-12,87
183209,Cymbalta,ibromyalgia,8,2013-05-15,58
148453,Mirena,Birth Control,8,2017-07-24,1
49351,Ethinyl estradiol / levonorgestrel,Birth Control,3,2016-02-03,5
223393,Cetirizine,Urticaria,10,2011-03-01,5
3551,Altabax,Acne,8,2010-09-26,4
72777,Ethinyl estradiol / norethindrone,Birth Control,2,2015-08-17,3
218078,Amoxicillin / clavulanate,Bronchitis,5,2017-02-26,6
109061,Nexplanon,Birth Control,3,2017-04-17,5
15245,Ethinyl estradiol / norethindrone,Birth Control,1,2017-04-19,0
11739,Trulicity,"Diabetes, Type 2",5,2017-01-31,17
142445,Levonorgestrel,Birth Control,10,2017-09-28,3
206932,Seasonale,Birth Control,1,2009-11-29,14
63962,Sertraline,Depression,2,2017-07-06,10
170256,Quetiapine,Bipolar Disorde,10,2016-09-23,26
91440,Anastrozole,Breast Cance,1,2016-03-11,36
128281,Phentermine,Obesity,10,2016-01-15,14
124100,Skyla,Birth Control,10,2016-03-11,3
132296,Ativan,Anxiety,8,2013-10-28,61
63984,Sertraline,Depression,3,2017-06-19,7
107323,Implanon,Birth Control,10,2012-01-12,0
208558,Amlodipine / olmesartan,High Blood Pressure,8,2009-06-15,20
92557,Ondansetron,Nausea/Vomiting,10,2013-08-21,26
108022,Ethinyl estradiol / norelgestromin,Birth Control,10,2016-04-26,1
228417,Butrans,Pain,9,2011-12-28,107
101186,Invega,Schizophrenia,9,2010-03-12,35
7598,Xanax,Anxiety,10,2015-08-21,53
142037,Escitalopram,Anxiety,9,2008-11-22,14
71029,Rituximab,Wegener's Granulomatosis,10,2016-02-12,12
80912,Delsym,Cough,7,2015-11-11,2
122299,Selegiline,Depression,9,2012-01-30,81
143099,Etonogestrel,Birth Control,4,2017-05-30,8
11962,Fastin,Weight Loss,10,2016-10-07,20
40516,Larin Fe 1 / 20,Birth Control,1,2017-10-07,0
42613,Concerta,ADHD,2,2011-11-11,5
185617,Saxenda,Weight Loss,10,2016-11-08,23
83725,Clomiphene,emale Infertility,8,2016-11-28,4
104087,Ethinyl estradiol / levonorgestrel,Birth Control,9,2013-10-19,22
108512,Amphetamine,ADHD,6,2016-06-23,8
157137,Differin,Acne,10,2016-07-13,5
55399,Bupropion / naltrexone,Obesity,9,2015-10-21,1
198668,Depo-Provera,Abnormal Uterine Bleeding,1,2017-03-25,6
224846,Bupropion,Major Depressive Disorde,9,2016-12-25,52
18080,Ethinyl estradiol / etonogestrel,Birth Control,10,2011-11-23,0
94896,Abilify,Tourette's Syndrome,9,2010-09-14,26
103881,Ethinyl estradiol / levonorgestrel,Birth Control,10,2014-11-18,13
185684,Saxenda,Weight Loss,8,2016-09-07,5
81906,Liraglutide,Weight Loss,10,2016-11-20,29
185912,Desvenlafaxine,Major Depressive Disorde,8,2017-06-07,5
194366,Crestor,High Cholesterol,10,2017-11-24,0
195588,Aviane,Birth Control,5,2013-02-21,12
144235,Etonogestrel,Birth Control,1,2016-05-25,9
225855,Bupropion,Depression,10,2010-06-16,7
127323,Melatonin,Insomnia,10,2012-03-09,37
62733,Citalopram,Anxiety and Stress,10,2008-10-11,33
43140,Sronyx,Birth Control,9,2014-10-22,5
222000,Fluconazole,Vaginal Yeast Infection,4,2016-02-17,6
49199,Ethinyl estradiol / levonorgestrel,Birth Control,2,2016-06-04,0
69542,Buprenorphine,Opiate Dependence,10,2015-01-24,62
78629,Fleet Enema,Constipation,10,2017-08-07,4
96816,Ambien,Insomnia,1,2016-11-01,15
119997,Losartan,High Blood Pressure,10,2012-10-10,116
5823,Opana,Pain,9,2009-09-04,34
108615,Yuvafem,Atrophic Vaginitis,10,2017-06-15,12
162995,Lodine,Osteoarthritis,9,2009-05-02,108
208652,Amlodipine / olmesartan,High Blood Pressure,4,2011-05-21,21
198401,Exenatide,"Diabetes, Type 2",8,2014-03-02,62
55854,Effexor,Anxiety and Stress,5,2012-03-26,28
29968,Klonopin,9</span> users found this comment helpful.,10,2016-08-29,9
4036,Seroquel XR,Depression,1,2014-01-05,78
118852,Zoloft,Post Traumatic Stress Disorde,10,2011-12-11,44
42842,Xulane,Birth Control,2,2016-08-26,3
207154,Fesoterodine,Overactive Bladde,4,2016-10-12,16
175072,Xylometazoline,Nasal Congestion,1,2015-10-18,5
204876,Cyproheptadine,Allergic Reactions,9,2009-10-11,17
133518,Benzoic acid / salicylic acid,Dermatological Disorders,10,2012-02-07,10
178883,Victoza,"Diabetes, Type 2",10,2013-01-15,24
143544,Etonogestrel,Birth Control,10,2017-01-04,15
10877,Mononessa,Birth Control,5,2015-12-01,1
175755,Levaquin,Kidney Infections,10,2016-09-08,15
2958,Adalat CC,High Blood Pressure,7,2009-03-26,57
193047,Methylergonovine,Migraine,10,2016-06-26,3
75340,Vistaril,Anxiety,8,2013-09-28,82
58946,Chlordiazepoxide / clidinium,Irritable Bowel Syndrome,10,2015-04-23,60
219682,Taytulla,Birth Control,4,2017-11-02,0
59419,Zyrtec,Urticaria,6,2008-11-15,43
181273,Prozac,Anxiety and Stress,2,2016-11-18,35
107081,Implanon,Birth Control,10,2013-02-22,13
75703,Temazepam,Insomnia,8,2017-09-04,10
97240,Ambien,Insomnia,4,2009-07-27,91
155580,Metronidazole,Bacterial Vaginitis,10,2013-10-22,18
80083,Benzonatate,Cough,1,2017-01-18,5
186571,Desvenlafaxine,Panic Disorde,8,2010-07-16,8
35665,Buprenorphine / naloxone,Opiate Dependence,10,2017-03-05,37
217085,Oxcarbazepine,Anxiety,9,2012-07-03,101
222417,Kyleena,Birth Control,8,2017-09-14,1
66319,Valacyclovir,"Herpes Simplex, Suppression",1,2017-05-07,2
167744,Levonorgestrel,Emergency Contraception,9,2016-01-13,3
128909,Phentermine,Obesity,3,2014-05-19,29
192217,Drospirenone / ethinyl estradiol,Birth Control,3,2016-02-01,8
189107,Oxycodone,Chronic Pain,10,2017-04-07,26
113726,Acetaminophen / butalbital / caffeine,Headache,10,2015-03-02,41
41141,Acetaminophen / oxycodone,Pain,8,2012-05-26,14
198309,Exenatide,"Diabetes, Type 2",2,2016-09-06,16
230480,Depo-Provera,Birth Control,9,2013-05-10,10
65682,Propranolol,mance Anxiety,10,2016-11-08,12
34517,Tysabri,Multiple Sclerosis,3,2016-11-30,18
210749,Mirtazapine,Depression,10,2016-11-01,94
94215,Trintellix,Major Depressive Disorde,9,2015-04-24,21
16005,Ethinyl estradiol / norethindrone,Birth Control,5,2016-06-19,2
25090,Hylan g-f 20,Osteoarthritis,1,2016-08-11,14
80666,Tussionex Pennkinetic,Cough,10,2009-07-10,5
12937,Jalyn,Benign Prostatic Hyperplasia,4,2013-03-12,49
123898,Skyla,Birth Control,10,2016-09-28,0
212616,Excedrin Back & Body,Back Pain,8,2009-01-10,9
170748,Quetiapine,Insomnia,9,2013-05-11,62
130547,Levonorgestrel,Birth Control,1,2012-11-02,11
215742,Copper,Birth Control,4,2017-03-05,5
145723,Qsymia,Weight Loss,10,2015-05-21,48
1949,Polyethylene glycol 3350,Constipation,10,2012-12-18,194
15895,Ethinyl estradiol / norethindrone,Birth Control,1,2016-08-04,5
209821,Phosphorated carbohydrate solution,Nausea/Vomiting,10,2016-04-15,12
229932,Femara,Breast Cance,7,2015-09-26,56
40216,Savella,ibromyalgia,1,2017-09-08,10
105947,Atomoxetine,ADHD,1,2016-03-10,9
25961,Lamisil,"Onychomycosis, Toenail",10,2014-02-24,48
201750,Alprazolam,Panic Disorde,10,2008-10-01,176
47535,Tapentadol,Pain,8,2015-06-05,41
186879,Neupro,Parkinson's Disease,7,2008-03-03,21
31999,Brimonidine / timolol,Glaucoma,9,2015-02-19,12
175194,Linaclotide,Constipation,10,2013-04-03,57
151248,OxyContin,Pain,9,2009-06-21,31
19812,Pregabalin,ibromyalgia,8,2009-09-25,24
97120,Ambien,Insomnia,10,2011-10-22,17
214341,Tioconazole,Vaginal Yeast Infection,10,2015-12-14,3
150948,Sulfamethoxazole / trimethoprim,Urinary Tract Infection,9,2009-11-29,29
16254,Ethinyl estradiol / norethindrone,Birth Control,1,2016-03-21,1
68074,Plan B,Emergency Contraception,10,2015-12-29,17
124991,Dulcolax,Constipation,1,2017-12-09,0
200701,Varenicline,Smoking Cessation,8,2008-04-06,123
62721,Supprelin LA,Precocious Puberty,2,2009-10-21,7
109169,Nexplanon,Birth Control,10,2017-03-19,6
11649,Trulicity,"Diabetes, Type 2",2,2017-07-23,13
49397,Ethinyl estradiol / levonorgestrel,Birth Control,2,2016-01-05,4
34808,Minocycline,Rosacea,10,2013-01-21,47
191183,Miconazole / zinc oxide,Diaper Rash,10,2015-03-30,0
71285,Levora,Abnormal Uterine Bleeding,3,2016-06-15,5
43664,LoSeasonique,Endometriosis,6,2011-03-31,2
117161,Synvisc-One,Osteoarthritis,1,2016-03-19,48
97941,Nexplanon,Birth Control,8,2015-09-21,2
209481,Zubsolv,Opiate Dependence,1,2017-06-28,9
127979,Phentermine,Weight Loss,7,2016-10-18,5
50771,Gabapentin,Pain,8,2008-09-17,38
86832,Midazolam,,1,2015-09-15,14
179717,Adapalene / benzoyl peroxide,Acne,10,2016-05-01,10
161774,Remeron,Anxiety,10,2009-06-05,191
227610,Etonogestrel,Birth Control,8,2012-06-04,1
148768,Mirena,Abnormal Uterine Bleeding,8,2016-05-29,8
212097,Lamotrigine,Bipolar Disorde,5,2014-02-24,12
177353,Duloxetine,Major Depressive Disorde,5,2017-01-10,10
163863,Mirtazapine,Depression,9,2010-10-06,65
96267,Sertraline,Anxiety and Stress,10,2011-04-08,35
65496,Yasmin,Birth Control,8,2010-05-04,6
199289,Depo-Provera,Birth Control,1,2015-09-14,1
131123,Levonorgestrel,Abnormal Uterine Bleeding,9,2009-03-11,34
57383,Oxymorphone,Pain,10,2011-02-21,17
226642,Etonogestrel,Birth Control,2,2015-04-30,1
45315,Fluoxetine,Premenstrual Dysphoric Disorde,9,2015-08-27,60
69258,Celebrex,Juvenile Rheumatoid Arthritis,8,2015-07-05,16
73143,Ethinyl estradiol / norethindrone,Birth Control,10,2014-12-10,18
169834,Aspirin / butalbital / caffeine,Headache,10,2009-08-27,22
86519,Invokana,"Diabetes, Type 2",9,2015-12-26,49
185878,Desvenlafaxine,Depression,3,2017-10-30,6
151344,Chantix,Smoking Cessation,8,2017-05-01,17
20207,Macrobid,Urinary Tract Infection,1,2015-04-02,37
50956,Azithromycin,Chlamydia Infection,7,2016-12-18,3
32051,Wellbutrin XL,Depression,10,2015-05-21,144
13027,Vardenafil,Erectile Dysfunction,1,2011-06-13,28
89055,Singulair,"Asthma, Maintenance",10,2015-07-23,34
167129,Levonorgestrel,Birth Control,4,2016-06-04,2
82078,Liraglutide,Weight Loss,10,2016-04-29,18
222694,Topamax,Obesity,9,2016-05-10,58
215348,Senna,Constipation,7,2017-10-11,2
10052,Lo Loestrin Fe,Birth Control,10,2013-07-29,28
150088,Denavir,Cold Sores,10,2016-03-10,9
228513,Geodon,Schizophrenia,1,2016-01-18,9
163528,Mirtazapine,Depression,10,2015-04-08,80
70042,D.H.E. 45,Migraine,1,2011-09-09,3
217292,Clarithromycin,Otitis Media,4,2016-06-03,8
224803,Bupropion,Depression,9,2017-02-06,19
125344,Dulcolax,Constipation,4,2016-02-13,6
47674,Tapentadol,Pain,10,2011-08-27,2
72935,Ethinyl estradiol / norethindrone,Birth Control,7,2015-05-31,2
103499,Synthroid,"Hypothyroidism, After Thyroid Removal",3,2016-04-12,41
230473,Depo-Provera,Abnormal Uterine Bleeding,1,2013-05-30,101
14041,Beclomethasone,"Asthma, Maintenance",1,2014-12-05,17
151413,Chantix,Smoking Cessation,8,2016-07-06,29
59045,Divalproex sodium,Epilepsy,8,2009-06-16,12
96634,Neurontin,Vulvodynia,3,2011-01-04,9
9493,Lo Loestrin Fe,Birth Control,7,2016-05-23,1
147321,Alprazolam,Anxiety,10,2012-03-20,14
117281,Robaxin-750,Opiate Withdrawal,10,2010-07-16,180
149665,Mirena,Birth Control,1,2012-05-01,8
115075,Diazepam,Muscle Spasm,9,2014-12-19,105
89510,Celexa,Depression,8,2013-04-25,74
126893,Thorazine,Light Sedation,10,2008-08-11,32
145550,Qsymia,Weight Loss,10,2017-01-01,69
51340,Azithromycin,Chlamydia Infection,8,2015-04-18,9
46585,Sulfasalazine,Ulcerative Colitis,1,2014-04-28,10
13956,Bydureon,"Diabetes, Type 2",9,2012-08-07,38
164518,Diclofenac,Pain,8,2012-04-06,19
28417,Lexapro,Generalized Anxiety Disorde,10,2013-12-22,162
122254,Venlafaxine,Hot Flashes,9,2009-01-11,87
87810,Naproxen,Pain,4,2008-12-31,5
207791,Suprep Bowel Prep Kit,Bowel Preparation,10,2015-09-28,23
79449,Plan B One-Step,Emergency Contraception,10,2015-04-11,17
162576,Meridia,Obesity,10,2009-02-08,59
172797,Clonazepam,Anxiety,10,2015-04-07,25
167460,Levonorgestrel,Birth Control,10,2016-03-03,3
209019,Corticotropin,cal Segmental Glomerulosclerosis,10,2016-09-30,3
218494,Tri-Sprintec,Birth Control,8,2017-06-02,3
81261,Yaz,Birth Control,9,2016-08-16,0
26610,Sprintec,Abnormal Uterine Bleeding,1,2012-02-17,20
226919,Etonogestrel,Birth Control,8,2014-09-05,15
114166,Fiorinal,Migraine,10,2011-10-23,29
207408,Suprep Bowel Prep Kit,Bowel Preparation,10,2016-11-15,6
183437,Cymbalta,Anxiety,6,2011-09-13,20
162145,Denosumab,Osteoporosis,5,2017-05-25,39
34795,Minocycline,Acne,8,2013-07-17,12
69407,Buprenorphine,Chronic Pain,8,2016-01-25,4
210386,Linzess,"Constipation, Chronic",10,2014-07-11,115
105307,Carbamazepine,Schizoaffective Disorde,9,2013-04-21,42
21467,"Multivitamin, prenatal",Vitamin/Mineral Supplementation during Pregnancy/Lactation,10,2016-06-20,3
520,Medroxyprogesterone,Abnormal Uterine Bleeding,7,2014-07-03,5
131150,Levonorgestrel,,10,2008-12-12,8
25528,Nivolumab,Renal Cell Carcinoma,10,2017-04-14,12
113027,Bisacodyl,Constipation,5,2016-10-17,6
59108,Hetlioz,Insomnia,10,2017-05-01,8
183083,Cymbalta,ibromyalgia,1,2015-01-27,28
26554,Sprintec,Birth Control,10,2012-11-29,10
96708,Crisaborole,Atopic Dermatitis,10,2017-04-24,31
215424,Copper,Birth Control,1,2017-10-14,10
34906,Minocycline,Acne,1,2015-07-08,2
230750,Tazorac,Acne,10,2012-04-13,30
113248,Bisacodyl,Constipation,8,2015-10-30,9
175200,Linaclotide,Irritable Bowel Syndrome,8,2013-03-07,75
45977,Fluoxetine,Premenstrual Dysphoric Disorde,10,2014-01-18,116
11051,Terbinafine,"Onychomycosis, Toenail",10,2010-01-31,12
71843,Tramadol,Restless Legs Syndrome,10,2016-03-22,18
79819,Lomotil,Diarrhea,10,2013-04-30,137
216550,Sildenafil,Erectile Dysfunction,10,2008-12-08,46
183684,Cymbalta,Diabetic Peripheral Neuropathy,10,2009-06-26,45
171040,Quetiapine,Bipolar Disorde,2,2009-09-22,10
5678,Oxytrol,Overactive Bladde,9,2010-09-10,55
21438,Zaleplon,Insomnia,9,2010-04-02,65
174887,AndroGel,"Hypogonadism, Male",10,2009-01-19,262
181440,Prozac,Anxiety and Stress,9,2015-01-14,160
152379,Ciprofloxacin,Urinary Tract Infection,10,2012-08-28,104
64563,Sertraline,Social Anxiety Disorde,8,2016-03-03,13
127271,Disulfiram,Alcohol Dependence,8,2011-10-13,73
103478,Loestrin 21 1 / 20,Abnormal Uterine Bleeding,1,2015-09-10,3
194448,Crestor,"High Cholesterol, Familial Heterozygous",10,2009-12-08,38
202731,Hydroxychloroquine,Systemic Lupus Erythematosus,2,2014-08-19,37
129638,Levonorgestrel,Birth Control,9,2015-06-19,14
121544,Venlafaxine,Anxiety,10,2015-08-16,95
784,Silodosin,Benign Prostatic Hyperplasia,10,2014-12-03,85
16062,Ethinyl estradiol / norethindrone,Abnormal Uterine Bleeding,2,2016-06-02,5
71394,Levora,4</span> users found this comment helpful.,5,2012-06-15,4
210131,Linzess,"Constipation, Chronic",1,2016-08-17,10
197641,Suprep Bowel Prep Kit,Bowel Preparation,8,2017-10-19,4
210030,Fiorinal with Codeine,Headache,10,2013-03-12,54
52797,Elmiron,Interstitial Cystitis,10,2016-04-25,6
66712,Seroquel,Schizophrenia,10,2015-06-22,24
202467,Lithium,Bipolar Disorde,6,2015-02-25,12
25524,Nivolumab,Non-Small Cell Lung Cance,8,2017-05-19,11
48251,Amerge,Migraine,9,2010-11-20,25
76304,Azithromycin Dose Pack,Sinusitis,6,2011-06-17,35
104975,Ethinyl estradiol / levonorgestrel,Birth Control,7,2009-08-01,10
63923,Sertraline,Obsessive Compulsive Disorde,9,2017-06-10,15
31890,Miconazole,Vaginal Yeast Infection,3,2015-08-03,4
74725,Levophed,Hypotension,8,2012-05-30,8
226144,Remicade,"Crohn's Disease, Maintenance",7,2015-07-21,33
140332,Asenapine,Schizoaffective Disorde,6,2011-05-25,9
194629,Gilenya,Multiple Sclerosis,4,2017-05-02,22
227859,Etonogestrel,Birth Control,5,2011-09-20,0
110130,Nexplanon,Birth Control,10,2016-04-17,10
78645,Fleet Enema,Constipation,10,2011-11-20,28
209947,VESIcare,Overactive Bladde,7,2013-08-14,104
215680,Copper,Birth Control,5,2017-05-12,1
161122,Risperidone,Bipolar Disorde,7,2009-04-29,34
100353,Desogestrel / ethinyl estradiol,Birth Control,9,2014-04-04,6
39211,Contrave,Weight Loss,7,2017-04-14,11
37835,Reclipsen,Birth Control,4,2016-07-07,0
12361,Atripla,HIV Infection,9,2011-09-24,1
53058,Bevacizumab,Glioblastoma Multi,10,2013-12-03,56
53221,Droperidol,Nausea/Vomiting,2,2016-02-11,0
112482,Trihexyphenidyl,Not Listed / Othe,8,2013-10-11,2
58603,Niacin,High Cholesterol,8,2009-05-02,32
227053,Etonogestrel,Birth Control,5,2014-07-09,1
101381,Estropipate,Postmenopausal Symptoms,10,2008-07-01,16
184200,Hydroxyzine,Anxiety,10,2016-02-17,65
192568,Drospirenone / ethinyl estradiol,,4,2012-03-04,1
182119,Podofilox,Condylomata Acuminata,9,2008-04-02,10
140232,Asenapine,Bipolar Disorde,9,2013-04-27,58
14672,Ethinyl estradiol / norethindrone,Birth Control,1,2017-11-22,0
132072,Tacrolimus,"Organ Transplant, Rejection Reversal",8,2015-09-01,0
89695,Celexa,Depression,10,2011-04-15,68
51860,Ustekinumab,Psoriatic Arthritis,8,2016-09-19,16
112935,Bisacodyl,Constipation,2,2016-12-10,5
60310,NuvaRing,Birth Control,8,2011-08-10,1
227749,Etonogestrel,Birth Control,5,2011-11-09,0
193607,Symbicort,COPD,7,2013-07-04,109
204043,Xerac AC,Hyperhidrosis,10,2015-01-17,8
81714,Liraglutide,Weight Loss,10,2017-05-11,12
227169,Etonogestrel,Birth Control,7,2014-03-18,15
84555,Ethinyl estradiol / norgestimate,Birth Control,1,2016-08-10,2
43336,Hydromorphone,Chronic Pain,10,2013-04-01,75
223387,Cetirizine,Allergic Rhinitis,6,2011-08-08,4
78768,OnabotulinumtoxinA,Migraine Prevention,1,2015-08-30,41
69342,Buprenorphine,Opiate Dependence,10,2017-03-22,12
142528,Levonorgestrel,Emergency Contraception,5,2017-09-15,0
55156,Bupropion / naltrexone,Obesity,6,2016-04-01,10
206280,Mesalamine,"Crohn's Disease, Maintenance",7,2017-04-26,8
198615,Depo-Provera,Abnormal Uterine Bleeding,10,2017-08-18,6
229905,Flurazepam,Insomnia,10,2015-12-03,9
40403,Savella,ibromyalgia,9,2010-09-07,52
82734,Maxalt-MLT,Migraine,10,2015-08-31,12
3235,Nitrofurantoin,Urinary Tract Infection,1,2016-07-22,10
217069,Oxcarbazepine,Bipolar Disorde,7,2013-06-05,116
58374,Fluticasone / salmeterol,"Asthma, Maintenance",10,2008-05-08,29
176650,Lorazepam,Anxiety,8,2010-01-24,12
65707,Propranolol,mance Anxiety,10,2016-09-22,14
164166,Xiidra,Dry Eye Disease,10,2017-10-11,7
45399,Fluoxetine,Depression,10,2015-05-17,12
224463,Bupropion,Bipolar Disorde,9,2017-11-27,2
42586,Concerta,ADHD,1,2013-01-16,35
110914,Farxiga,"Diabetes, Type 2",7,2015-06-16,9
47955,Propulsid,GERD,1,2009-03-10,5
24983,Lipitor,High Cholesterol,10,2015-04-27,83
9168,Lo Loestrin Fe,Birth Control,10,2017-07-12,4
150839,Sulfamethoxazole / trimethoprim,Acne,10,2013-09-07,54
170213,Quetiapine,Major Depressive Disorde,9,2016-10-23,3
110005,Nexplanon,Birth Control,1,2016-05-22,4
7897,Xanax,Anxiety,10,2012-01-06,18
127354,Aricept,Alzheimer's Disease,5,2016-09-21,37
181454,Prozac,Depression,9,2014-10-23,115
109806,Nexplanon,Birth Control,7,2016-06-30,3
57809,Acetaminophen / hydrocodone,Back Pain,10,2013-06-30,7
38593,Liletta,Birth Control,10,2017-02-17,4
5522,Donnatal,Irritable Bowel Syndrome,10,2011-03-03,34
104283,Ethinyl estradiol / levonorgestrel,Birth Control,10,2012-09-03,12
166435,Levonorgestrel,Emergency Contraception,10,2016-10-25,3
131952,Effexor XR,Depression,10,2010-02-12,39
222696,Topamax,Migraine Prevention,1,2015-10-21,18
12378,Atripla,HIV Infection,10,2010-03-04,37
194201,Nebivolol,High Blood Pressure,4,2013-09-24,65
55378,Bupropion / naltrexone,Obesity,8,2015-11-04,9
97722,Simvastatin,High Cholesterol,9,2009-05-20,37
71498,Vraylar,Bipolar Disorde,9,2017-03-25,22
175585,Augmentin,Otitis Media,9,2014-05-15,10
96355,Sertraline,Anxiety and Stress,3,2009-07-29,34
191517,Lisdexamfetamine,ADHD,9,2014-12-01,59
145522,Qsymia,Weight Loss,10,2016-10-17,73
39761,Contrave,Obesity,8,2015-12-13,0
218417,Amoxicillin / clavulanate,Bronchitis,1,2012-09-15,32
196060,Stendra,Erectile Dysfunction,8,2015-02-20,69
161063,Risperidone,Bipolar Disorde,3,2012-03-13,2
6062,Minastrin 24 Fe,Birth Control,1,2015-12-10,2
64473,Sertraline,Panic Disorde,9,2016-07-24,8
204232,Tradjenta,"Diabetes, Type 2",1,2016-01-12,29
158580,Methylphenidate,ADHD,10,2013-04-20,117
138225,Zomig-ZMT,Migraine,10,2017-03-15,3
1826,Colchicine,"Gout, Acute",9,2014-02-02,28
164267,Xiidra,Dry Eye Disease,7,2016-11-29,23
202153,Benzoyl peroxide / clindamycin,Acne,10,2015-06-16,1
88219,Clindamycin,Skin or Soft Tissue Infection,2,2011-01-10,14
145264,Etonogestrel,Birth Control,8,2015-09-29,1
219276,Dasatinib,Chronic Myelogenous Leukemia,7,2017-08-07,0
6763,Beyaz,Birth Control,5,2012-06-20,11
8223,Zolpidem,Insomnia,9,2016-01-30,9
100097,Desogestrel / ethinyl estradiol,Birth Control,10,2016-12-26,8
156266,Ventolin HFA,"Asthma, acute",5,2015-05-17,3
209071,Aciphex,GERD,10,2009-01-20,21
37966,Adipex-P,Weight Loss,8,2017-04-03,17
7429,Monistat 7-Day Combination Pack,Vaginal Yeast Infection,3,2015-05-22,6
103223,Estarylla,Birth Control,1,2016-04-21,14
148218,Norethindrone,Birth Control,6,2014-12-15,3
168056,Imipramine,Pain,9,2016-09-14,12
125000,Dulcolax,Constipation,9,2017-11-02,1
167386,Levonorgestrel,Birth Control,2,2016-03-20,7
214131,Tioconazole,Vaginal Yeast Infection,1,2016-05-03,6
114776,NoDoz,Hypersomnia,8,2016-12-08,5
219577,Microgestin Fe 1.5 / 30,Birth Control,8,2016-05-17,3
58242,Ciprofloxacin / dexamethasone,Otitis Externa,3,2017-12-01,0
20069,Macrobid,Urinary Tract Infection,9,2016-10-21,25
210646,Mirtazapine,Insomnia,1,2017-04-19,20
119948,Losartan,High Blood Pressure,1,2016-05-18,68
125421,Dulcolax,Constipation,8,2015-04-26,22
59570,Avelox,Sinusitis,1,2010-03-05,13
30757,Miconazole,Vaginal Yeast Infection,1,2017-08-02,4
105253,Carbamazepine,Trigeminal Neuralgia,10,2016-04-08,12
166590,Levonorgestrel,Emergency Contraception,10,2016-09-18,11
226928,Etonogestrel,Birth Control,8,2014-09-02,10
59323,Zyrtec,Urticaria,9,2015-12-11,24
47608,Tapentadol,Pain,10,2013-01-25,68
91191,Botox,Overactive Bladde,5,2015-07-25,33
12681,Etanercept,Rheumatoid Arthritis,9,2013-10-22,67
150644,Sulfamethoxazole / trimethoprim,Urinary Tract Infection,1,2015-09-24,11
24859,Deplin,Depression,10,2012-04-13,182
132277,Ativan,Anxiety,3,2014-08-11,26
155076,Metronidazole,Bacterial Vaginitis,5,2016-06-28,9
137171,Isotretinoin,Acne,7,2014-09-23,5
175403,Scopolamine,Nausea/Vomiting,2,2017-06-02,3
177175,Duloxetine,Generalized Anxiety Disorde,10,2017-08-15,13
187174,TriCor,Hypertriglyceridemia,9,2013-12-01,49
179794,Adapalene / benzoyl peroxide,Acne,1,2015-12-05,2
5392,Cryselle,Birth Control,9,2013-07-05,25
127060,Metoclopramide,GERD,1,2009-09-14,21
56577,Elavil,Anxiety and Stress,10,2015-12-07,78
130105,Levonorgestrel,Birth Control,5,2014-11-03,79
212369,Lamotrigine,Bipolar Disorde,8,2009-10-07,12
130815,Levonorgestrel,Birth Control,6,2011-12-05,5
4704,Belviq,Weight Loss,10,2015-05-02,69
67215,Omeprazole,GERD,5,2016-05-26,23
68452,Enoxaparin,Deep Vein Thrombosis,10,2009-07-06,34
48847,Ethinyl estradiol / levonorgestrel,Birth Control,10,2016-12-27,7
72341,Tramadol,Back Pain,9,2012-01-30,34
39272,Contrave,Obesity,6,2017-03-14,42
60541,Lovastatin,High Cholesterol,10,2014-01-14,26
59872,NuvaRing,Birth Control,9,2015-11-05,3
21685,Guaifenesin / pseudoephedrine,Cough and Nasal Congestion,8,2016-11-04,5
160861,Buspirone,Anxiety,10,2009-02-12,57
164595,Diclofenac,Back Pain,8,2010-05-29,25
56901,Meclizine,Vertig,8,2009-09-27,88
35595,Buprenorphine / naloxone,Opiate Dependence,1,2017-06-28,9
88917,Lactulose,"Constipation, Acute",1,2017-08-27,3
98126,Nexplanon,Birth Control,3,2015-07-28,3
170183,Quetiapine,Bipolar Disorde,1,2016-12-20,15
12545,Ortho Micronor,Birth Control,7,2012-02-24,30
197434,Paroxetine,Depression,9,2011-01-04,14
181241,Prozac,Anxiety and Stress,10,2016-12-16,167
216560,Sucralfate,Stomach Ulce,8,2017-07-23,15
218315,Amoxicillin / clavulanate,Strep Throat,10,2015-06-01,25
204981,Toradol,Pain,9,2014-02-22,30
45911,Fluoxetine,Premenstrual Dysphoric Disorde,9,2008-10-30,93
109649,Nexplanon,Birth Control,5,2016-09-06,4
105077,Next Choice,Emergency Contraception,9,2015-01-14,6
81077,Hypercare,Hyperhidrosis,8,2011-12-27,2
218341,Amoxicillin / clavulanate,Sinusitis,10,2015-10-07,40
41320,Acetaminophen / oxycodone,Pain,8,2010-02-18,27
16731,Yaz,Birth Control,2,2009-12-26,1
62339,Citalopram,Depression,1,2012-08-27,22
216070,Copper,Birth Control,8,2015-09-18,2
181008,Lithobid,Bipolar Disorde,8,2011-01-12,15
141299,Escitalopram,Generalized Anxiety Disorde,8,2014-12-17,36
60067,NuvaRing,Birth Control,7,2014-01-05,9
142214,Levonorgestrel,Birth Control,6,2017-11-18,1
100062,Desogestrel / ethinyl estradiol,Birth Control,5,2017-04-11,1
55607,Dextrostat,Narcolepsy,8,2012-02-09,20
45958,Fluoxetine,Depression,9,2014-03-19,190
64013,Sertraline,Anxiety and Stress,10,2017-05-10,85
165309,Pembrolizumab,Non-Small Cell Lung Cance,1,2017-08-04,8
36661,Fentanyl,Pain,9,2010-10-05,14
178509,Duloxetine,Depression,10,2008-07-28,49
196154,Fluvoxamine,Obsessive Compulsive Disorde,10,2017-11-22,1
155865,Cialis,Erectile Dysfunction,8,2016-11-22,45
135155,Dapsone,Acne,9,2010-08-02,17
75432,Panlor DC,Pain,9,2010-07-12,5
194498,Atorvastatin,High Cholesterol,9,2016-10-21,18
131254,Endocet,Pain,8,2014-08-16,22
60619,Claravis,Acne,9,2011-03-05,8
153589,Doxycycline,Acne,9,2010-10-06,1
10253,Advil Cold and Sinus,Sinus Symptoms,10,2016-03-23,12
154185,Nexium,GERD,2,2016-01-18,41
140403,Ubiquinone,Dietary Supplementation,10,2008-12-21,46
96286,Sertraline,Depression,10,2010-10-11,52
33681,Microgestin Fe 1 / 20,Birth Control,4,2009-10-07,17
207497,Suprep Bowel Prep Kit,Bowel Preparation,9,2017-02-10,27
96320,Sertraline,Depression,1,2010-06-03,21
83906,Ethinyl estradiol / norgestimate,Birth Control,8,2017-10-09,0
70459,Avanafil,Erectile Dysfunction,1,2016-02-22,15
68305,Plan B,Emergency Contraception,9,2014-05-12,8
173443,Clonazepam,Seizure Prevention,10,2008-06-25,27
2210,Metformin,"Diabetes, Type 2",8,2015-01-30,55
66048,Propranolol,Migraine Prevention,9,2014-06-19,80
65764,Propranolol,Migraine Prevention,7,2016-06-22,16
101855,Terbinafine,"Onychomycosis, Toenail",9,2016-06-22,67
10632,Spironolactone,Acne,9,2014-01-27,77
178251,Duloxetine,Anxiety,1,2010-08-11,20
119259,Testosterone,"Hypogonadism, Male",2,2016-11-09,6
196573,Letrozole,"Breast Cancer, Adjuvant",1,2012-03-06,40
91826,Lyrica,Neuropathic Pain,7,2017-01-01,21
146619,Tamsulosin,Urinary Tract Stones,3,2015-09-18,28
175295,Hiprex,Urinary Tract Infection,9,2015-01-04,65
23252,Methadone,Chronic Pain,3,2016-03-31,74
184127,Hydroxyzine,Sedation,10,2016-09-26,61
130337,Levonorgestrel,Birth Control,6,2013-10-24,15
87416,Prialt,Chronic Pain,7,2016-06-17,3
50199,Gabapentin,Insomnia,9,2014-12-17,78
182159,Clomipramine,Premature Ejaculation,8,2016-04-21,5
19677,Pregabalin,ibromyalgia,10,2010-09-10,29
18978,Chlordiazepoxide,Alcohol Withdrawal,10,2015-04-28,3
192972,Drospirenone / ethinyl estradiol,Birth Control,10,2009-06-08,24
155829,Metronidazole,Bacterial Infection,1,2009-02-15,5
105200,Carbamazepine,Borderline Personality Disorde,9,2017-07-17,0
207775,Suprep Bowel Prep Kit,Bowel Preparation,8,2015-10-19,10
121475,Venlafaxine,Depression,3,2015-10-23,8
66686,Seroquel,Bipolar Disorde,8,2016-03-12,28
26085,Sprintec,Abnormal Uterine Bleeding,1,2017-08-04,0
208837,Belsomra,Insomnia,5,2016-02-20,34
8902,Viagra,Erectile Dysfunction,10,2014-03-12,87
140981,Escitalopram,Generalized Anxiety Disorde,10,2016-03-22,78
68237,Plan B,Emergency Contraception,10,2015-04-11,12
218759,Opana ER,Pain,1,2015-08-25,25
98038,Nexplanon,Birth Control,7,2015-08-21,9
161661,Diphenhydramine,Urticaria,4,2015-01-06,6
187932,Etonogestrel,Birth Control,5,2017-11-09,1
149843,Mirena,Birth Control,7,2011-10-21,0
37348,Vyvanse,ADHD,9,2015-07-21,41
5576,Bonine,Motion Sickness,10,2015-10-28,18
213436,Tioconazole,Vaginal Yeast Infection,1,2017-11-25,3
33987,Junel Fe 1 / 20,Birth Control,9,2015-08-14,4
15280,Ethinyl estradiol / norethindrone,,1,2017-03-21,4
1916,Polyethylene glycol 3350,Constipation,9,2015-06-04,71
98201,Nexplanon,Birth Control,9,2015-07-02,4
49919,Gabapentin,Peripheral Neuropathy,9,2015-12-13,72
139307,Armodafinil,Obstructive Sleep Apnea/Hypopnea Syndrome,10,2017-01-02,14
211111,Carisoprodol,Muscle Spasm,10,2008-07-13,99
178833,Victoza,"Diabetes, Type 2",10,2015-01-20,75
81338,Yaz,Birth Control,9,2015-11-17,6
119759,Ambien CR,Insomnia,10,2010-03-31,25
76588,Lorcaserin,Weight Loss,9,2017-06-30,21
43382,Hydromorphone,Pain,10,2012-06-14,51
132611,Doxepin,Insomnia,5,2012-08-17,25
70060,Tenex,High Blood Pressure,10,2011-02-21,28
40756,Leuprolide,Prostate Cance,8,2012-01-04,128
101291,Aubra,Birth Control,5,2017-05-27,0
109236,Nexplanon,Birth Control,3,2017-02-23,1
93158,Vortioxetine,Depression,10,2015-12-04,108
19760,Pregabalin,Restless Legs Syndrome,9,2010-02-07,48
180113,Zelnorm,"Constipation, Chronic",10,2009-09-07,17
84749,Ethinyl estradiol / norgestimate,Acne,1,2016-06-11,6
210576,Mirtazapine,Post Traumatic Stress Disorde,1,2017-10-05,2
209058,Eligard,Prostate Cance,10,2015-05-10,16
17024,Phillips' Milk of Magnesia,Constipation,10,2015-04-26,39
107296,Implanon,Birth Control,10,2011-12-16,0
76950,Lorcaserin,Obesity,6,2015-05-21,25
20271,Macrobid,Bladder Infection,5,2010-01-22,15
167925,Keflex,Bacterial Infection,7,2011-06-02,70
85852,Ethinyl estradiol / norgestimate,Birth Control,10,2013-07-30,11
223040,Topamax,Obesity,7,2009-04-07,177
201208,Zoloft,Postpartum Depression,9,2016-08-25,30
122379,Dymista,Allergic Rhinitis,1,2015-10-04,14
157590,Guaifenesin,ibromyalgia,9,2010-01-26,126
217524,Clarithromycin,Bronchitis,8,2014-11-18,33
16027,Ethinyl estradiol / norethindrone,Acne,3,2016-06-11,1
201323,Zoloft,Panic Disorde,5,2016-02-15,23
95816,Sertraline,Post Traumatic Stress Disorde,8,2014-04-29,13
188470,ParaGard,Birth Control,10,2016-12-27,3
81065,Hypercare,Hyperhidrosis,1,2011-01-02,7
59795,NuvaRing,Birth Control,10,2016-04-28,14
145031,Etonogestrel,Birth Control,10,2015-12-03,5
34873,Minocycline,Acne,10,2011-06-22,6
154630,Metronidazole,Bacterial Infection,5,2017-11-08,3
92198,Lyrica,Diabetic Peripheral Neuropathy,2,2010-08-28,36
80073,Benzonatate,Cough,3,2017-02-03,18
161313,Ortho Tri-Cyclen,Acne,4,2016-05-01,2
127279,Disulfiram,Alcohol Dependence,10,2009-06-15,65
64959,Saphris,Bipolar Disorde,10,2012-02-13,20
5899,Opana,Pain,8,2017-09-22,3
68216,Plan B,Emergency Contraception,10,2015-05-24,13
90472,Docosanol,Herpes Simplex,1,2017-11-20,0
89980,Risperdal,Bipolar Disorde,10,2013-08-27,80
38932,Contrave,Weight Loss,5,2017-09-16,7
190757,Oxybutynin,Urinary Incontinence,2,2009-09-23,18
82309,Liraglutide,"Diabetes, Type 2",9,2014-07-30,77
44296,Ethinyl estradiol / norgestimate,Birth Control,10,2011-01-28,8
196132,Fluvoxamine,Obsessive Compulsive Disorde,1,2016-12-04,7
46679,My Way,Emergency Contraception,1,2016-06-02,5
32521,Lisinopril,High Blood Pressure,10,2011-10-09,29
56799,Meclizine,Vertig,8,2015-07-21,65
208264,Oseltamivir,Influenza,10,2016-04-15,5
18772,Icosapent,Hypertriglyceridemia,10,2014-11-08,29
195469,Aviane,Birth Control,1,2016-10-15,1
190381,Ortho Tri-Cyclen Lo,Birth Control,4,2012-01-21,2
72700,Ethinyl estradiol / norethindrone,Birth Control,1,2015-10-05,7
10349,Breo Ellipta,Asthma,8,2016-05-17,17
109890,Nexplanon,Birth Control,9,2016-06-14,5
127379,Disulfiram,Alcohol Dependence,10,2017-05-03,28
165463,Levonorgestrel,Emergency Contraception,8,2017-06-01,1
77852,Moxifloxacin,Bronchitis,3,2009-12-28,14
219512,Pataday,5</span> users found this comment helpful.,9,2011-11-05,5
167652,Levonorgestrel,Birth Control,9,2016-01-22,14
28084,Lexapro,Anxiety,10,2015-11-28,119
183891,Mometasone,Allergic Rhinitis,10,2009-03-28,10
141734,Escitalopram,Anxiety,9,2012-01-04,34
223308,Cetirizine,Urticaria,3,2016-03-18,6
112347,Gabapentin,Pain,8,2016-12-07,18
191714,Lisdexamfetamine,ADHD,10,2012-04-05,26
227914,Etonogestrel,Birth Control,3,2011-07-26,0
10744,Spironolactone,Acne,10,2014-06-25,115
215871,Copper,Birth Control,10,2016-07-03,24
10023,Lo Loestrin Fe,Birth Control,7,2012-12-26,12
202481,Lithium,Bipolar Disorde,8,2014-07-07,33
152917,Doxycycline,Acne,1,2017-03-08,6
135488,Tamiflu,Influenza,10,2014-01-01,14
136898,Isotretinoin,Acne,10,2017-06-16,11
209881,VESIcare,Overactive Bladde,5,2016-09-07,15
73170,Ethinyl estradiol / norethindrone,Birth Control,10,2014-11-16,8
177425,Duloxetine,Depression,10,2016-05-21,39
206004,Pristiq,Depression,1,2009-03-08,25
70107,Triumeq,HIV Infection,7,2017-06-18,2
212621,Rectiv,Anal Fissure and Fistula,8,2013-09-02,7
6462,Ocella,Birth Control,9,2014-07-28,2
149405,Mirena,Birth Control,9,2014-04-10,16
180998,Valproic acid,Bipolar Disorde,6,2009-12-01,19
44692,Catapres,Opiate Withdrawal,9,2015-06-06,193
173448,Clonazepam,Panic Disorde,10,2008-05-27,15
231005,Milnacipran,ibromyalgia,10,2010-01-31,20
831,Silodosin,Benign Prostatic Hyperplasia,1,2013-02-09,69
102069,Brilinta,Acute Coronary Syndrome,10,2016-01-21,20
163235,Propafenone,Atrial Fibrillation,10,2009-04-29,59
135913,Percocet,Pain,9,2010-04-06,21
181253,Prozac,Obsessive Compulsive Disorde,10,2016-08-01,50
192343,Drospirenone / ethinyl estradiol,Acne,10,2015-08-13,5
212903,Tizanidine,Cluster Headaches,5,2016-06-06,10
185486,Saxenda,Weight Loss,10,2017-05-24,14
143945,Etonogestrel,Birth Control,7,2016-08-02,4
49531,Ethinyl estradiol / levonorgestrel,Birth Control,2,2015-10-08,1
207780,Suprep Bowel Prep Kit,Bowel Preparation,8,2015-10-14,11
169672,Amitriptyline,Migraine Prevention,9,2011-05-24,19
134819,Nucynta ER,Diabetic Peripheral Neuropathy,10,2017-10-30,1
185579,Saxenda,Obesity,10,2017-03-08,41
58152,Acetaminophen / hydrocodone,Pain,10,2009-02-04,18
173747,Mometasone,Dermatitis,1,2016-01-25,4
179633,Adapalene / benzoyl peroxide,Acne,9,2016-11-12,8
11570,Trulicity,"Diabetes, Type 2",7,2017-11-04,1
81267,Yaz,Premenstrual Dysphoric Disorde,10,2016-07-28,27
174706,Eucrisa,Atopic Dermatitis,9,2017-12-05,2
193147,Dextroamphetamine,ADHD,10,2011-11-16,53
22651,Pylera,Helicobacter Pylori Infection,9,2013-03-02,45
173439,Clonazepam,Restless Legs Syndrome,10,2008-08-03,87
7745,Xanax,Anxiety,9,2013-10-26,52
18705,Cabergoline,Hyperprolactinemia,8,2012-12-16,18
22384,DDAVP Rhinal Tube,Diabetes Insipidus,10,2017-05-08,1
91933,Lyrica,Neuropathic Pain,2,2015-09-02,63
186336,Desvenlafaxine,Anxiety,4,2011-10-08,7
78042,Zyprexa,Depression,2,2016-04-09,50
118790,Zoloft,Obsessive Compulsive Disorde,9,2012-03-07,69
159695,Hydrochlorothiazide / lisinopril,High Blood Pressure,1,2016-01-11,35
163166,Carac,Actinic Keratosis,10,2016-06-27,32
76062,Ezetimibe / simvastatin,High Cholesterol,10,2014-07-06,17
82607,Liraglutide,"Diabetes, Type 2",8,2010-05-05,36
40262,Savella,ibromyalgia,10,2014-07-07,115
160260,Rivaroxaban,Deep Vein Thrombosis Prophylaxis after Hip Replacement Surgery,6,2014-09-03,7
10867,Mononessa,Birth Control,7,2013-11-26,9
30398,Klonopin,Anxiety,10,2009-08-02,38
138722,Phentermine,Weight Loss,10,2012-01-08,15
120158,Homatropine / hydrocodone,Cough,7,2009-03-30,17
61670,Citalopram,Anxiety and Stress,9,2016-07-18,10
58565,Niacin,Depression,10,2017-10-01,22
83651,Umeclidinium / vilanterol,COPD,7,2017-11-12,1
74871,Keppra,Bipolar Disorde,8,2011-11-01,21
112901,Bisacodyl,Constipation,1,2017-06-30,7
114418,Gabitril,Seizures,3,2016-08-21,0
152705,Furosemide,Edema,10,2010-08-02,99
211357,Mirabegron,Overactive Bladde,10,2014-12-03,56
213975,Tioconazole,Vaginal Yeast Infection,1,2016-08-10,4
61266,Xyzal,Allergies,8,2009-11-17,13
178408,Duloxetine,Anxiety,9,2009-01-21,64
134111,Prednisone,ibromyalgia,1,2017-04-14,7
137921,Ortho Evra,Birth Control,4,2017-09-29,1
93068,Vortioxetine,Depression,7,2016-07-21,35
154842,Metronidazole,Bacterial Infection,1,2017-04-13,10
22710,Lidocaine,Pain,2,2017-03-06,19
38453,Phenazopyridine,Dysuria,10,2014-08-04,2
103931,Ethinyl estradiol / levonorgestrel,Birth Control,5,2014-07-29,2
72269,Tramadol,Back Pain,9,2013-04-27,54
86417,Invokana,"Diabetes, Type 2",7,2017-05-29,23
66164,Propranolol,Benign Essential Trem,8,2009-09-07,72
8962,Viagra,Erectile Dysfunction,10,2011-07-05,20
205578,Pristiq,Depression,7,2012-05-16,17
155721,Metronidazole,Diverticulitis,8,2011-03-22,50
170346,Quetiapine,Bipolar Disorde,9,2016-03-23,13
88423,Adderall,ADHD,10,2013-06-02,38
23454,Methadone,Pain,10,2010-09-26,28
187478,Monistat 3-Day Combination Pack,Vaginal Yeast Infection,9,2017-01-20,8
146566,Tamsulosin,Overactive Bladde,3,2015-10-09,7
138611,Phentermine,Not Listed / Othe,10,2012-07-10,7
90859,Roxicodone,Pain,10,2011-11-26,23
27438,Requip,Restless Legs Syndrome,10,2017-01-29,33
213217,Nuvigil,ibromyalgia,8,2012-08-08,43
64616,Sertraline,Depression,10,2016-02-07,20
151993,Chantix,Smoking Cessation,10,2011-06-22,9
50239,Gabapentin,Diabetic Peripheral Neuropathy,1,2014-09-06,57
74686,Wellbutrin SR,Depression,9,2011-12-18,36
24162,Tretinoin,Acne,10,2013-10-21,67
25936,Lamisil,"Onychomycosis, Toenail",5,2015-09-26,31
76715,Lorcaserin,Weight Loss,2,2016-09-28,11
166783,Levonorgestrel,Emergency Contraception,5,2016-08-05,5
131165,Levonorgestrel,Birth Control,9,2008-04-30,235
40051,Contrave,Obesity,9,2015-04-29,46
24878,Avodart,Benign Prostatic Hyperplasia,5,2009-08-31,102
123649,Skyla,Birth Control,10,2017-04-04,7
105373,Carbamazepine,Bipolar Disorde,6,2011-05-31,12
218248,Amoxicillin / clavulanate,Bacterial Infection,3,2015-12-08,5
71926,Tramadol,Pain,10,2015-11-20,17
229501,Lurasidone,Bipolar Disorde,9,2015-11-26,24
67640,Plan B,Emergency Contraception,8,2017-04-18,4
139618,Etodolac,Pain,9,2013-11-27,62
48864,Ethinyl estradiol / levonorgestrel,Birth Control,10,2016-12-14,16
110879,Farxiga,"Diabetes, Type 2",5,2016-12-29,12
46541,Sulfasalazine,Ulcerative Colitis,3,2017-04-30,0
152754,Doxycycline,Bronchitis,10,2017-09-30,3
227224,Etonogestrel,Birth Control,3,2014-02-20,11
2534,Camrese,Birth Control,10,2015-02-24,3
114993,Diazepam,Anxiety,10,2016-03-10,61
100352,Desogestrel / ethinyl estradiol,Birth Control,9,2016-08-22,3
179492,Olanzapine,Schizophrenia,8,2009-01-01,109
180096,Prednisolone,Postoperative Ocular Inflammation,2,2016-12-17,7
218764,Opana ER,Pain,6,2014-11-23,50
214262,Tioconazole,,10,2015-11-03,0
58749,Azelaic acid,Rosacea,2,2014-03-30,33
221031,Junel Fe 1.5 / 30,5</span> users found this comment helpful.,10,2011-09-29,5
51203,Azithromycin,Bronchitis,7,2016-01-24,29
16719,Yaz,Menstrual Disorders,4,2010-01-20,8
16672,Yaz,Birth Control,8,2009-10-07,0
219401,Dexmethylphenidate,Auditory Processing Disorde,10,2013-04-13,21
108600,Yuvafem,Atrophic Vaginitis,1,2017-11-15,0
5210,Zonisamide,Migraine Prevention,8,2012-04-12,47
87685,Naproxen,"Gout, Acute",9,2011-05-18,64
190595,Oxybutynin,Urinary Incontinence,10,2016-05-18,33
144310,Etonogestrel,Birth Control,5,2016-05-17,1
133674,Bactrim DS,Prevention of Bladder infection,3,2016-12-31,4
86456,Invokana,"Diabetes, Type 2",8,2016-03-03,19
98484,Nexplanon,Birth Control,10,2014-09-22,16
77532,Cephalexin,Bacterial Infection,5,2016-11-22,1
114446,Hydrea,"Anemia, Sickle Cell",3,2014-01-19,15
31960,Miconazole,Vaginal Yeast Infection,5,2015-03-25,9
211553,Ortho D,Dietary Supplementation,5,2016-03-16,0
9106,Lo Loestrin Fe,Birth Control,2,2017-11-14,3
44051,Ethinyl estradiol / norgestimate,Birth Control,6,2012-01-03,2
125030,Dulcolax,Constipation,1,2017-04-07,10
38737,Liletta,Birth Control,9,2016-01-20,7
11565,Trulicity,"Diabetes, Type 2",1,2017-11-17,0
194686,Trulance,Chronic Idiopathic Constipation,1,2017-05-27,14
119515,Testosterone,"Hypogonadism, Male",7,2012-03-18,16
148776,Mirena,Birth Control,10,2016-05-17,7
131430,Generess Fe,Birth Control,4,2013-10-27,10
34691,Minocycline,Acne,10,2016-01-09,8
17246,Naphazoline / pheniramine,Eye Redness/Itching,9,2008-09-07,19
97879,Nexplanon,Birth Control,1,2015-10-09,2
108722,Nexplanon,Birth Control,1,2017-10-30,3
168085,Jolessa,Abnormal Uterine Bleeding,3,2015-04-23,1
131788,Effexor XR,Depression,9,2015-10-10,45
114708,Methotrexate,Rheumatoid Arthritis,7,2016-04-18,31
224687,Bupropion,Depression,10,2017-05-20,60
152203,Ciprofloxacin,Prostatitis,3,2016-01-24,9
97621,Synvisc,Osteoarthritis,8,2008-10-17,96
129853,Levonorgestrel,Birth Control,10,2015-04-26,13
99811,Magnesium sulfate / potassium sulfate / sodium sulfate,Bowel Preparation,2,2016-05-24,14
165,Medroxyprogesterone,Abnormal Uterine Bleeding,1,2015-09-14,6
70936,Magnesium citrate,Constipation,10,2015-05-12,34
197903,Metoprolol,High Blood Pressure,7,2016-09-29,14
44960,Fluoxetine,Premenstrual Dysphoric Disorde,8,2017-03-12,28
105312,Carbamazepine,Epilepsy,9,2013-02-13,45
132020,Effexor XR,Panic Disorde,7,2008-08-05,31
193446,Cyclobenzaprine,Muscle Spasm,7,2012-03-10,45
87592,Naproxen,Period Pain,10,2014-12-22,52
225061,Bupropion,Depression,8,2016-04-29,118
22240,Testim,"Hypogonadism, Male",8,2012-05-18,53
41108,Acetaminophen / oxycodone,Chronic Pain,10,2013-07-21,163
208828,Belsomra,Insomnia,1,2016-03-12,24
223021,Topamax,Seizure Prevention,2,2009-08-12,24
71197,Viberzi,Irritable Bowel Syndrome,10,2016-05-16,31
115566,Propofol,Anesthesia,10,2011-10-17,7
61684,Citalopram,Anxiety and Stress,6,2016-07-04,5
17496,Ethinyl estradiol / etonogestrel,Birth Control,1,2016-12-01,7
176512,Lorazepam,Anxiety,10,2013-04-23,24
217703,Strattera,ADHD,1,2017-02-01,3
84081,Ethinyl estradiol / norgestimate,Birth Control,7,2017-04-21,1
204806,Cyproheptadine,Anorexia,9,2017-06-05,16
71335,Levora,Birth Control,1,2015-10-16,10
60329,NuvaRing,Birth Control,10,2011-07-06,7
116554,Advil,Pain,10,2008-05-22,21
95140,Guanfacine,ADHD,2,2016-08-18,20
174308,Tri-Lo-Sprintec,Abnormal Uterine Bleeding,1,2016-06-14,0
128699,Phentermine,Obesity,10,2015-04-28,37
169450,Vivarin,25</span> users found this comment helpful.,10,2011-09-18,25
39796,Contrave,Obesity,9,2015-11-04,18
231067,Milnacipran,ibromyalgia,8,2009-10-06,28
16295,Ethinyl estradiol / norethindrone,Birth Control,9,2016-04-18,2
127788,Phentermine,Weight Loss,10,2017-02-27,27
141438,Escitalopram,Depression,9,2013-12-18,7
48084,Cariprazine,Bipolar Disorde,2,2016-09-17,20
173617,Brexpiprazole,Schizophrenia,7,2017-02-09,10
117964,Imuran,Myasthenia Gravis,8,2009-08-27,43
131786,Effexor XR,Depression,1,2015-10-25,29
22276,Baclofen,Muscle Spasm,10,2013-03-02,86
17033,Phillips' Milk of Magnesia,Constipation,5,2016-05-29,9
117170,Synvisc-One,Osteoarthritis,9,2015-09-29,50
107527,Implanon,Birth Control,10,2011-05-02,0
8119,Zolpidem,Insomnia,2,2017-09-16,1
41125,Acetaminophen / oxycodone,Pain,9,2011-09-23,7
186220,Desvenlafaxine,Depression,9,2013-05-16,43
94696,Abilify,Major Depressive Disorde,4,2015-06-07,15
39129,Contrave,Weight Loss,9,2017-05-28,8
182637,Cymbalta,Anxiety,8,2017-12-01,0
14902,Ethinyl estradiol / norethindrone,Birth Control,10,2017-08-18,3
51713,Aczone,Acne,10,2014-03-06,39
225736,Bupropion,Depression,9,2012-03-27,70
6975,Aluminum chloride hexahydrate,Hyperhidrosis,10,2015-10-12,2
32788,Mexiletine,Arrhythmia,6,2010-09-13,7
55597,Dabigatran,Prevention of Thromboembolism in Atrial Fibrillation,3,2011-05-31,55
39634,Contrave,Obesity,10,2016-02-28,36
66326,Valacyclovir,Cold Sores,10,2015-03-06,11
102009,Silenor,Insomnia,1,2011-03-25,30
68564,Medroxyprogesterone,Endometriosis,7,2017-06-29,6
98800,Microgestin 1 / 20,Birth Control,1,2017-01-04,4
158967,TriNessa,Birth Control,2,2016-10-04,7
231614,Trazodone,Insomnia,8,2015-07-23,25
22210,Baclofen,Alcohol Withdrawal,10,2015-01-04,96
44316,Ethinyl estradiol / norgestimate,Ovarian Cysts,1,2010-12-30,3
207385,Suprep Bowel Prep Kit,Bowel Preparation,3,2017-04-21,4
59497,Avelox,Pneumonia,9,2013-06-11,33
166937,Levonorgestrel,Birth Control,5,2016-07-09,6
223534,Sutent,Renal Cell Carcinoma,9,2014-02-26,64
106979,Implanon,Birth Control,8,2013-10-30,12
151753,Chantix,Smoking Cessation,8,2014-03-24,23
65892,Propranolol,mance Anxiety,9,2015-08-25,24
148905,Mirena,Birth Control,10,2015-12-15,18
99884,Magnesium sulfate / potassium sulfate / sodium sulfate,Bowel Preparation,1,2016-07-14,9
65490,Yasmin,Birth Control,9,2010-12-26,17
96958,Ambien,Insomnia,9,2016-01-24,32
91800,Lyrica,Neuralgia,10,2016-09-13,26
53299,femhrt,Menstrual Disorders,10,2010-10-06,7
60896,Oramorph SR,Pain,4,2009-12-23,22
58602,Niacin,High Cholesterol,8,2009-06-24,27
42487,Concerta,ADHD,9,2015-05-15,23
175577,Augmentin,Upper Respiratory Tract Infection,10,2014-11-26,17
145552,Qsymia,Weight Loss,5,2016-12-23,27
67436,Provera,Abnormal Uterine Bleeding,1,2015-05-13,37
109807,Nexplanon,Birth Control,6,2016-06-29,5
199717,Varenicline,Smoking Cessation,10,2017-05-18,13
88348,Adderall,ADHD,10,2015-02-06,62
136113,Acamprosate,Alcohol Dependence,10,2014-09-18,103
146129,Suboxone,Opiate Dependence,10,2014-03-27,45
208184,Correctol,Constipation,9,2014-04-24,7
158953,Celestone,Dermatological Disorders,8,2011-05-14,14
14256,Myrbetriq,Overactive Bladde,10,2013-11-16,120
150467,Sulfamethoxazole / trimethoprim,Urinary Tract Infection,1,2017-02-28,19
189647,Oxycodone,Pain,10,2009-09-18,9
191077,Campral,Alcohol Dependence,10,2014-11-21,181
37521,Vyvanse,ADHD,8,2011-12-07,39
23503,Methadone,Opiate Withdrawal,10,2008-08-03,43
169981,Quetiapine,Insomnia,8,2017-12-11,1
212900,Tizanidine,Muscle Spasm,2,2016-07-01,9
150917,Sulfamethoxazole / trimethoprim,Urinary Tract Infection,4,2012-05-13,43
126945,Metoclopramide,Gastroparesis,10,2017-02-20,11
221017,Junel Fe 1.5 / 30,Birth Control,10,2016-10-18,4
88241,Clindamycin,Sinusitis,1,2009-06-11,22
148846,Mirena,Birth Control,9,2016-02-07,19
132862,Loestrin 24 Fe,Acne,1,2017-01-26,3
205314,Pristiq,Depression,9,2017-01-15,38
58361,Benazepril,High Blood Pressure,4,2009-05-31,30
63337,Epiduo,Acne,9,2016-12-02,3
29993,Klonopin,Anxiety,2,2016-04-25,63
92519,Ondansetron,Nausea/Vomiting,10,2014-11-19,16
147339,Alprazolam,Anxiety,9,2011-12-05,13
115181,Diazepam,Anxiety,9,2010-07-23,7
21709,Guaifenesin / pseudoephedrine,Cough and Nasal Congestion,1,2015-03-12,9
142397,Levonorgestrel,Emergency Contraception,7,2017-10-04,1
82030,Liraglutide,Obesity,10,2016-08-02,17
199984,Varenicline,Smoking Cessation,10,2016-01-26,11
126618,Eletriptan,Migraine,8,2016-11-29,6
171509,Wellbutrin,Depression,4,2015-08-31,39
105149,Dasabuvir / ombitasvir / paritaprevir / ritonavir,Hepatitis C,1,2016-01-23,9
36560,Fentanyl,Chronic Pain,10,2015-10-27,45
189892,Jardiance,"Diabetes, Type 2",9,2014-10-14,65
53555,Alesse,Birth Control,8,2017-01-24,4
72853,Ethinyl estradiol / norethindrone,Menstrual Disorders,1,2015-06-30,4
77575,Cephalexin,Bladder Infection,8,2015-12-31,64
122147,Venlafaxine,Anxiety and Stress,9,2009-10-18,39
135542,Tamiflu,Influenza,9,2009-09-05,13
21171,Paliperidone,Schizoaffective Disorde,10,2012-06-11,50
55831,Effexor,Depression,1,2012-12-07,47
89960,Risperdal,Schizophrenia,10,2015-07-07,21
137313,Isotretinoin,Acne,9,2012-09-13,19
145788,Qsymia,Obesity,10,2013-12-10,119
82220,Liraglutide,Obesity,9,2016-03-20,30
60523,Ranexa,Angina,10,2015-03-20,48
104253,Ethinyl estradiol / levonorgestrel,Birth Control,9,2012-12-19,35
31108,Miconazole,Vaginal Yeast Infection,3,2017-01-01,9
10236,Axiron,"Hypogonadism, Male",1,2012-04-29,15
76690,Lorcaserin,Weight Loss,1,2017-01-06,15
71647,Tramadol,Chronic Pain,1,2017-09-04,5
139669,Nora-Be,Birth Control,2,2017-09-30,4
115664,Radium 223 dichloride,Prostate Cance,10,2016-09-29,2
37603,Vyvanse,ADHD,8,2010-06-17,8
133903,Hydrochlorothiazide / triamterene,Edema,9,2017-08-20,2
185662,Saxenda,Weight Loss,10,2016-10-12,17
102330,Clindamycin / tretinoin,Acne,10,2013-07-15,14
124169,Skyla,Birth Control,8,2016-05-01,1
143314,Etonogestrel,Birth Control,1,2017-03-25,9
154165,Nexium,GERD,9,2017-05-30,4
210532,Frova,Migraine,10,2008-10-10,9
48990,Ethinyl estradiol / levonorgestrel,Birth Control,2,2016-09-26,10
3065,Nitrofurantoin,Urinary Tract Infection,2,2017-05-07,8
131340,Finacea,Rosacea,9,2017-11-13,0
222846,Topamax,Migraine Prevention,1,2013-05-11,31
196795,Paroxetine,Anxiety and Stress,4,2017-04-30,5
188905,Arimidex,Breast Cance,8,2011-03-26,139
79771,Xarelto,Atrial Fibrillation,1,2016-12-27,33
27075,Ultram,Pain,4,2009-12-10,30
150668,Sulfamethoxazole / trimethoprim,Sinusitis,5,2015-03-13,15
57580,Acetaminophen / hydrocodone,Back Pain,9,2017-04-04,2
58757,Azelaic acid,Rosacea,8,2013-02-26,26
221840,Biaxin XL,Pneumonia,10,2017-04-20,6
181925,Inderal,Migraine Prevention,9,2013-05-01,55
22367,Testim,"Hypogonadism, Male",8,2008-06-04,65
152406,Ciprofloxacin,Bladder Infection,10,2013-04-25,71
179291,Olanzapine,Major Depressive Disorde,10,2015-03-10,21
147292,Alprazolam,Anxiety,10,2012-01-06,3
75257,Vistaril,Anxiety,7,2016-06-24,39
120951,Venlafaxine,Depression,8,2017-07-27,5
21907,Eliquis,Prevention of Thromboembolism in Atrial Fibrillation,8,2016-05-18,46
36509,Fentanyl,Dercum's Disease,10,2015-02-19,19
163650,Mirtazapine,Depression,8,2013-09-19,136
35711,Buprenorphine / naloxone,Opiate Dependence,1,2016-02-04,10
215344,Senna,Constipation,1,2017-11-16,0
77173,Lorcaserin,Weight Loss,10,2014-05-20,78
175370,Scopolamine,Motion Sickness,8,2013-03-23,19
134619,Ketorolac,Pain,3,2013-08-05,35
159312,Januvia,"Diabetes, Type 2",1,2017-05-24,31
84850,Ethinyl estradiol / norgestimate,Birth Control,2,2016-03-31,2
222905,Topamax,Bipolar Disorde,10,2010-05-11,74
199490,Depo-Provera,Birth Control,8,2015-01-14,34
25708,Ethinyl estradiol / norelgestromin,Birth Control,6,2014-04-21,17
186448,Desvenlafaxine,Depression,8,2011-02-07,10
195595,Aviane,Birth Control,5,2015-01-07,8
149373,Mirena,Abnormal Uterine Bleeding,8,2014-07-26,43
155446,Metronidazole,Bacterial Vaginitis,10,2015-01-01,19
217718,Strattera,ADHD,8,2016-10-07,25
168783,Vilazodone,Depression,10,2015-02-06,61
217913,Strattera,ADHD,6,2009-01-22,50
203460,Indomethacin,Cluster Headaches,7,2009-09-06,8
119022,Zoloft,Anxiety and Stress,7,2010-04-19,15
178852,Victoza,"Diabetes, Type 2",9,2012-07-13,20
53247,Eptifibatide,Percutaneous Coronary Intervention,8,2008-02-27,1
96501,Sertraline,Depression,10,2009-01-18,680
137084,Isotretinoin,Acne,10,2016-03-21,21
191575,Lisdexamfetamine,ADHD,3,2014-02-06,42
133738,Bactrim DS,Urinary Tract Infection,1,2015-03-08,9
144923,Etonogestrel,Birth Control,3,2015-12-19,4
188530,ParaGard,Birth Control,9,2016-05-10,4
10739,Spironolactone,Acne,9,2014-09-20,52
68064,Plan B,Emergency Contraception,10,2016-01-06,4
151055,Sulfamethoxazole / trimethoprim,Bacterial Skin Infection,8,2008-06-05,74
206692,Levalbuterol,"Asthma, acute",10,2016-11-03,1
216055,Copper,Birth Control,8,2015-12-15,4
196988,Paroxetine,Anxiety,1,2016-04-25,21
165580,Levonorgestrel,Emergency Contraception,10,2017-05-16,7
181868,Inderal,Migraine Prevention,8,2009-10-10,93
133555,Ibrance,"Breast Cancer, Metastatic",1,2017-01-12,27
146951,Alprazolam,Tinnitus,9,2015-12-12,17
52385,Pantoprazole,GERD,10,2014-12-21,23
154313,Reglan,Nausea/Vomiting,1,2015-06-08,10
61530,Citalopram,Anxiety and Stress,6,2016-11-27,24
29615,Topiramate,Migraine Prevention,9,2014-12-06,6
166207,Levonorgestrel,Emergency Contraception,10,2016-12-26,5
103832,Ethinyl estradiol / levonorgestrel,Birth Control,8,2015-02-09,2
180977,Valproic acid,Bipolar Disorde,10,2017-03-17,7
117465,Nortriptyline,Pain,7,2016-12-10,37
163085,ella,Emergency Contraception,9,2017-08-20,25
14190,Patanase,Allergic Rhinitis,10,2012-01-08,10
221369,Dextromethorphan,Cough,1,2017-01-09,0
94903,Abilify,Bipolar Disorde,7,2010-05-26,12
19191,Pregabalin,ibromyalgia,2,2017-02-07,32
121771,Venlafaxine,Depression,8,2014-05-03,93
172140,Amitiza,Irritable Bowel Syndrome,1,2009-10-22,23
125525,Creon,Cystic Fibrosis,10,2008-04-14,14
104781,Ethinyl estradiol / levonorgestrel,Birth Control,4,2010-09-24,2
208106,Suprep Bowel Prep Kit,Bowel Preparation,9,2013-03-13,40
55321,Bupropion / naltrexone,Obesity,3,2015-12-12,5
97257,Ambien,Insomnia,2,2009-03-26,24
9006,Clobetasol,Psoriasis,8,2017-04-04,9
82015,Liraglutide,Obesity,10,2016-06-29,37
98272,Nexplanon,Birth Control,9,2015-05-30,2
144654,Etonogestrel,Birth Control,9,2016-02-16,1
174806,Dextromethorphan / guaifenesin,Cough,9,2015-02-28,9
145719,Qsymia,Weight Loss,9,2015-06-03,21
159959,Bactrim,Acne,8,2009-01-11,31
159810,Bactrim,Bacterial Skin Infection,10,2016-06-18,18
45328,Fluoxetine,Depression,10,2015-08-07,98
152332,Ciprofloxacin,Urinary Tract Infection,10,2015-01-19,18
52963,Indocin SR,Ankylosing Spondylitis,6,2010-03-11,10
13108,Xolair,"Asthma, Maintenance",9,2017-08-31,3
95968,Sertraline,Depression,10,2013-05-26,179
209018,Corticotropin,Polymyositis/Dermatomyositis,3,2016-11-18,3
204062,Veltin,Acne,1,2016-08-17,4
147772,Norethindrone,Birth Control,9,2017-05-07,6
153273,Doxycycline,Acne,7,2015-03-31,7
151907,Chantix,Smoking Cessation,9,2012-10-12,18
113368,Bisacodyl,Constipation,9,2015-03-09,2
110951,Diclegis,Nausea/Vomiting of Pregnancy,1,2017-11-27,0
189147,Oxycodone,Chronic Pain,5,2016-10-07,15
152567,Lortab,Pain,9,2009-11-02,12
219368,Dexmethylphenidate,ADHD,4,2015-12-01,22
71353,Levora,Birth Control,1,2014-12-22,5
170700,Quetiapine,Bipolar Disorde,6,2013-10-23,23
40046,Contrave,Obesity,10,2015-05-04,46
145957,Suboxone,Opiate Dependence,9,2017-05-27,24
78170,Zyprexa,Bipolar Disorde,5,2011-12-03,36
46141,Rabeprazole,GERD,10,2013-06-24,20
21920,Eliquis,Thromboembolic Stroke Prophylaxis,1,2017-12-05,0
200445,Varenicline,Smoking Cessation,9,2012-08-15,2
2027,Metformin,"Diabetes, Type 2",10,2017-03-07,60
24064,Tretinoin,Acne,10,2016-06-19,5
199549,NP Thyroid,Underactive Thyroid,8,2017-03-13,21
6788,Beyaz,Birth Control,1,2011-12-06,32
159073,TriNessa,Ovarian Cysts,2,2015-12-08,2
107159,Implanon,Birth Control,2,2012-06-30,1
114216,Keppra,Seizures,9,2008-04-01,78
37592,Vyvanse,ADHD,6,2010-09-11,13
61063,Urea,Dry Skin,9,2017-03-31,3
143249,Etonogestrel,Birth Control,10,2017-04-06,7
103637,Synthroid,Underactive Thyroid,2,2011-04-13,77
33156,Seasonique,Abnormal Uterine Bleeding,4,2011-11-14,21
143480,Etonogestrel,Birth Control,1,2017-02-04,3
150994,Sulfamethoxazole / trimethoprim,Acne,8,2009-01-11,31
5529,Almotriptan,Migraine,10,2009-04-23,12
107688,Implanon,Birth Control,10,2010-05-17,5
111856,Gianvi,Acne,9,2013-01-07,13
120524,Dapagliflozin,"Diabetes, Type 2",1,2015-09-20,14
52231,Adipex-P,Weight Loss,10,2010-01-25,125
176555,Lorazepam,Anxiety,10,2012-04-30,28
217060,Oxcarbazepine,Bipolar Disorde,10,2014-01-10,39
106097,Atomoxetine,ADHD,9,2009-09-12,67
88802,Necon 1 / 35,Polycystic Ovary Syndrome,8,2015-12-30,6
176458,Lorazepam,Anxiety,8,2013-10-28,61
159474,Nefazodone,Depression,10,2014-12-27,38
51039,Azithromycin,Chlamydia Infection,8,2016-12-08,6
184674,Aclidinium,COPD,8,2013-06-11,27
210596,Mirtazapine,Depression,1,2017-08-26,11
114198,Fiorinal,Pain,10,2015-03-26,13
75131,Linezolid,Methicillin-Resistant Staphylococcus Aureus Infection,8,2016-02-28,5
68601,Medroxyprogesterone,Birth Control,10,2017-03-18,6
135018,Dapsone,Acne,9,2017-01-23,11
222804,Topamax,Bipolar Disorde,8,2014-07-30,83
24964,Lipitor,High Cholesterol,1,2017-10-03,9
117168,Synvisc-One,Osteoarthritis,1,2015-11-15,46
146886,Alprazolam,Anxiety,5,2016-03-17,41
131646,Effexor XR,Anxiety,1,2016-08-29,14
41742,Clonidine,Opiate Withdrawal,10,2014-11-06,125
66883,Seroquel,Insomnia,6,2011-06-23,17
145067,Etonogestrel,Birth Control,5,2015-11-16,5
51020,Azithromycin,Chlamydia Infection,6,2016-10-22,3
187423,Monistat 3-Day Combination Pack,Vaginal Yeast Infection,10,2017-11-16,0
70087,Basaglar,"Diabetes, Type 1",4,2017-07-14,7
196721,Paroxetine,Panic Disorde,10,2017-10-02,13
139925,Euflexxa,Osteoarthritis,9,2017-07-12,17
88696,Fluticasone,Allergic Rhinitis,1,2016-07-21,26
172835,Clonazepam,Anxiety,6,2014-10-10,20
80207,Benzonatate,Cough,9,2008-04-01,39
36377,Bismuth subcitrate potassium / metronidazole / tetracycline,Helicobacter Pylori Infection,9,2016-06-25,24
137395,Isotretinoin,Acne,10,2011-03-22,2
152586,Lortab,Pain,5,2008-05-28,25
18954,Solifenacin,Overactive Bladde,3,2010-11-17,54
214355,Tioconazole,Vaginal Yeast Infection,1,2015-12-04,2
165264,Phentermine / topiramate,Obesity,9,2013-01-15,83
112168,Gabapentin,Neuropathic Pain,1,2016-09-22,8
58763,Azelaic acid,Rosacea,8,2011-07-23,14
97029,Ambien,Insomnia,9,2014-05-18,83
143520,Etonogestrel,Birth Control,7,2017-01-17,1
174825,Exalgo,Chronic Pain,7,2016-05-01,11
176105,Desyrel,ibromyalgia,2,2010-09-25,40
10341,Breo Ellipta,"Asthma, Maintenance",10,2016-07-15,8
11673,Trulicity,"Diabetes, Type 2",8,2017-05-31,18
67991,Plan B,Emergency Contraception,8,2016-04-25,6
62482,Citalopram,Generalized Anxiety Disorde,9,2011-10-08,67
127325,Melatonin,Insomnia,1,2012-02-26,15
128283,Phentermine,Weight Loss,9,2016-01-14,20
179524,Adapalene / benzoyl peroxide,Acne,7,2017-08-28,0
73937,Ethinyl estradiol / norethindrone,Birth Control,2,2012-02-02,4
57941,Acetaminophen / hydrocodone,Back Pain,9,2011-01-27,25
27679,Colazal,Ulcerative Colitis,7,2010-11-24,9
26194,Sprintec,Birth Control,5,2016-11-29,2
74491,Ethinyl estradiol / norethindrone,Birth Control,2,2009-11-11,3
112457,Hydroxyurea,Thrombocythemia,5,2017-05-01,9
83564,Levocetirizine,Allergies,1,2017-04-11,19
28215,Lexapro,Depression,10,2015-04-20,29
205230,Acetaminophen / aspirin / caffeine,Migraine,9,2016-08-03,8
211648,Lamotrigine,Bipolar Disorde,8,2017-07-27,22
225330,Bupropion,Depression,5,2015-04-03,48
84209,Ethinyl estradiol / norgestimate,Birth Control,1,2017-03-01,6
57732,Acetaminophen / hydrocodone,Pain,8,2014-03-05,75
49632,Ethinyl estradiol / levonorgestrel,Birth Control,1,2015-07-03,5
167409,Levonorgestrel,Emergency Contraception,9,2016-03-09,15
107936,Ethinyl estradiol / norelgestromin,Birth Control,4,2016-12-02,10
230124,Diflucan,Vaginal Yeast Infection,2,2009-03-30,49
184793,Canagliflozin,"Diabetes, Type 2",3,2016-01-10,25
230846,Milnacipran,ibromyalgia,3,2016-06-16,19
36589,Fentanyl,Chronic Pain,9,2014-03-10,43
109928,Nexplanon,Birth Control,2,2016-06-06,2
206021,Pristiq,Depression,10,2008-12-24,332
213032,Tizanidine,Muscle Spasm,6,2009-07-19,52
84205,Ethinyl estradiol / norgestimate,Birth Control,9,2017-03-02,1
94959,Abilify,Obsessive Compulsive Disorde,9,2009-11-20,24
168195,Rizatriptan,Migraine,1,2016-08-25,4
68195,Plan B,Emergency Contraception,6,2015-08-20,4
202421,Lithium,Depression,10,2013-08-06,118
188835,Prevacid,GERD,9,2016-02-16,45
155926,Cialis,Erectile Dysfunction,10,2014-11-30,97
102717,Aripiprazole,Depression,10,2014-02-25,182
181735,Prozac,Depression,5,2009-11-22,27
160097,Rivaroxaban,Atrial Fibrillation,7,2017-07-28,5
102297,Clindamycin / tretinoin,Acne,9,2016-07-14,6
93059,Vortioxetine,Depression,9,2016-10-23,28
117842,Debrox,Ear Wax Impaction,1,2016-04-20,4
184312,Hydroxyzine,Sedation,5,2014-06-28,29
45947,Fluoxetine,Depression,9,2011-04-05,1
211112,Carisoprodol,Muscle Spasm,9,2008-06-03,70
47018,Thyroid desiccated,Hashimoto's disease,10,2016-09-22,55
32992,Seasonique,Birth Control,1,2015-06-07,6
118323,Naltrexone,Opiate Dependence,8,2014-04-19,116
168901,Vilazodone,Anxiety,10,2013-11-12,11
148837,Mirena,Abnormal Uterine Bleeding,2,2016-03-13,5
203469,Indomethacin,Pain,10,2008-07-26,46
114583,Estradiol Patch,Postmenopausal Symptoms,9,2015-05-31,29
108199,Bupropion / naltrexone,Obesity,1,2015-09-21,7
143244,Etonogestrel,Birth Control,7,2017-04-11,5
21234,Focalin XR,Auditory Processing Disorde,10,2013-04-27,31
48135,Nubain,Pain,9,2010-08-12,17
99075,Lutera,Birth Control,8,2014-05-09,19
143117,Etonogestrel,Birth Control,1,2017-05-23,3
167953,Kariva,Birth Control,9,2013-08-23,25
9148,Cefuroxime,Urinary Tract Infection,9,2008-07-01,86
207448,Suprep Bowel Prep Kit,Bowel Preparation,8,2016-11-22,24
108050,Ethinyl estradiol / norelgestromin,Birth Control,10,2016-02-11,0
64426,Sertraline,Depression,10,2016-06-27,102
169685,Amitriptyline,Cyclic Vomiting Syndrome,10,2011-03-26,9
151982,Chantix,Smoking Cessation,6,2011-07-16,4
209131,Skelaxin,Muscle Spasm,1,2017-04-09,8
172632,Clonazepam,Anxiety,9,2015-11-24,38
7610,Xanax,Depression,10,2016-05-09,115
81717,Liraglutide,Weight Loss,8,2017-05-08,12
220007,Amitriptyline,Pain,3,2016-05-26,54
189247,Oxycodone,Chronic Pain,10,2014-08-21,65
167879,Levonorgestrel,Abnormal Uterine Bleeding,8,2016-01-06,0
10730,Spironolactone,Acne,10,2014-12-04,38
220632,Loestrin 24 Fe,Birth Control,9,2011-04-15,0
25717,Ethinyl estradiol / norelgestromin,Birth Control,10,2014-02-26,22
227443,Etonogestrel,Birth Control,8,2013-05-14,8
28410,Lexapro,Depression,10,2013-08-23,137
82388,Liraglutide,"Diabetes, Type 2",8,2013-02-08,20
65555,Propranolol,mance Anxiety,10,2017-07-25,14
71660,Tramadol,Pain,1,2017-08-06,7
39333,Contrave,Weight Loss,10,2017-01-30,42
15181,Ethinyl estradiol / norethindrone,Birth Control,5,2017-05-12,2
202598,Ponatinib,Acute Lymphoblastic Leukemia,1,2015-08-27,2
220727,Loestrin 24 Fe,Birth Control,2,2010-08-30,11
60045,NuvaRing,Birth Control,10,2014-04-23,18
191969,Drospirenone / ethinyl estradiol,Premenstrual Dysphoric Disorde,1,2016-12-28,14
43567,Hydromorphone,Pain,9,2008-07-17,66
39885,Contrave,Obesity,2,2015-09-03,7
231082,Milnacipran,ibromyalgia,5,2009-09-08,9
217539,Clarithromycin,Upper Respiratory Tract Infection,7,2014-02-13,12
207048,Zarah,Birth Control,2,2015-08-11,1
34115,Tramadol,Pain,5,2009-08-26,23
58579,Niacin,Depression,10,2016-10-25,62
53398,Demerol,Pain,10,2011-07-06,33
82117,Liraglutide,Weight Loss,10,2016-04-16,6
205871,Pristiq,Anxiety,4,2009-09-09,4
165138,Phentermine / topiramate,Obesity,10,2014-08-24,59
210917,Mirtazapine,Obsessive Compulsive Disorde,10,2016-01-06,30
109317,Nexplanon,Birth Control,4,2017-01-05,2
121897,Venlafaxine,Social Anxiety Disorde,10,2012-11-13,44
50101,Gabapentin,ibromyalgia,7,2015-06-18,69
132358,Ativan,Sedation,5,2010-12-21,20
204760,Cyproheptadine,Anorexia,9,2016-07-29,28
31003,Miconazole,Vaginal Yeast Infection,1,2017-03-26,4
145747,Qsymia,Weight Loss,10,2014-11-14,94
158122,Ziprasidone,Schizoaffective Disorde,10,2016-04-11,4
77802,Moxifloxacin,Sinusitis,9,2010-12-26,26
22900,Tranxene,Alcohol Withdrawal,10,2013-06-12,45
135814,Percocet,Pain,9,2012-04-08,10
225798,Bupropion,Depression,9,2011-05-16,31
69615,Buprenorphine,Pain,10,2012-05-11,27
167063,Levonorgestrel,Emergency Contraception,1,2016-06-02,10
132267,Ativan,Panic Disorde,10,2015-01-19,79
90474,Docosanol,Herpes Simplex,1,2017-11-14,1
102612,Aripiprazole,Schizophrenia,10,2016-01-10,22
162354,Ranibizumab,Macular Degeneration,9,2015-06-01,16
206775,Methadose,Pain,10,2011-06-20,35
39400,Contrave,Weight Loss,9,2016-08-22,20
227505,Etonogestrel,Birth Control,10,2012-12-06,1
2844,Belbuca,Chronic Pain,1,2016-06-05,22
169506,Stelara,Psoriasis,9,2015-10-20,30
107077,Implanon,Birth Control,10,2013-03-12,10
18279,Embeda,Chronic Pain,8,2016-10-30,31
129708,Levonorgestrel,Birth Control,2,2015-06-12,3
209499,Zubsolv,Opiate Dependence,1,2017-02-08,17
208446,Oseltamivir,Swine Flu,9,2009-12-07,6
68721,Medroxyprogesterone,Abnormal Uterine Bleeding,1,2017-01-06,11
113773,Mucinex DM,Cough,3,2016-09-21,3
116200,Adalimumab,Rheumatoid Arthritis,8,2016-05-27,45
53312,Ultram ER,Pain,9,2012-06-30,18
213548,Tioconazole,Vaginal Yeast Infection,1,2017-10-03,6
83902,Ethinyl estradiol / norgestimate,Birth Control,2,2017-10-10,3
221473,Dextromethorphan,Cough,8,2015-03-07,7
142035,Escitalopram,Depression,7,2008-11-30,20
216658,Advair Diskus,"Asthma, Maintenance",1,2016-04-30,9
23628,Chlorzoxazone,Muscle Spasm,9,2016-12-19,16
192528,Drospirenone / ethinyl estradiol,,9,2013-01-01,2
96437,Sertraline,Anxiety and Stress,9,2009-07-12,34
129293,Levonorgestrel,Emergency Contraception,9,2015-09-23,4
139278,Phentermine,Weight Loss,10,2008-05-01,148
231072,Milnacipran,ibromyalgia,8,2009-09-27,24
76929,Lorcaserin,Weight Loss,7,2015-07-18,34
12944,Jalyn,Benign Prostatic Hyperplasia,6,2011-06-06,56
61067,Urea,Dry Skin,9,2015-10-02,9
231820,Trazodone,Insomnia,3,2013-07-27,26
107836,Implanon,Birth Control,9,2008-08-13,23
108653,Nexplanon,Birth Control,1,2017-11-10,3
198546,Prednisone,Gouty Arthritis,10,2010-04-09,114
99001,Lutera,Birth Control,9,2016-03-16,10
29018,GaviLyte-N,Bowel Preparation,1,2017-08-11,0
225256,Bupropion,Depression,9,2015-10-09,40
46553,Sulfasalazine,Psoriatic Arthritis,10,2013-05-15,70
66649,Toviaz,Overactive Bladde,7,2011-02-06,31
122644,Linaclotide,Constipation,5,2015-11-26,12
29854,Oxazepam,Anxiety,10,2017-06-23,19
196245,Fluvoxamine,Anxiety and Stress,8,2010-08-02,28
196499,Eszopiclone,Insomnia,10,2011-04-17,9
143860,Etonogestrel,Birth Control,1,2016-09-09,4
157164,Differin,Acne,9,2015-08-02,32
210147,Linzess,"Constipation, Chronic",5,2016-07-08,35
189094,Oxycodone,Chronic Pain,3,2017-07-01,3
153248,Doxycycline,Rosacea,6,2015-12-05,18
114811,Methotrexate,Rheumatoid Arthritis,2,2012-10-19,113
113545,Acetaminophen / butalbital / caffeine,Headache,10,2017-09-09,9
172066,Amitiza,Irritable Bowel Syndrome,8,2011-04-21,34
224076,Alfuzosin,Benign Prostatic Hyperplasia,7,2017-01-15,11
140205,Bromfed DM,Cough and Nasal Congestion,7,2017-03-27,6
229491,Lurasidone,Bipolar Disorde,10,2015-12-15,34
7670,Xanax,Panic Disorde,10,2014-04-27,118
32481,Lisinopril,High Blood Pressure,8,2014-02-12,92
51780,Aczone,Acne,9,2009-09-11,81
159573,Cenestin,Postmenopausal Symptoms,10,2014-07-20,2
158631,Methylphenidate,ADHD,9,2013-01-08,42
3387,Nitrofurantoin,Bladder Infection,10,2016-01-22,12
196600,Letrozole,Breast Cance,5,2017-01-25,36
100679,Desogestrel / ethinyl estradiol,Birth Control,10,2009-08-20,9
221864,Haldol,Psychosis,8,2015-08-05,22
13950,Bydureon,"Diabetes, Type 2",8,2012-12-30,28
220785,Loestrin 24 Fe,Acne,1,2010-04-13,13
180926,Dienogest / estradiol,Birth Control,10,2010-11-23,11
26684,Sprintec,Birth Control,9,2011-02-04,0
10896,Mononessa,Ovarian Cysts,6,2013-07-25,10
112430,Gabapentin,Neuropathic Pain,1,2016-10-07,7
144658,Etonogestrel,Birth Control,1,2016-02-15,14
146455,Tamsulosin,Benign Prostatic Hyperplasia,4,2017-09-17,11
147591,Aviane,Birth Control,3,2010-09-18,5
148814,Mirena,Birth Control,1,2016-04-05,10
177470,Duloxetine,Anxiety,8,2016-04-20,8
1992,Polyethylene glycol 3350,Constipation,10,2009-07-28,97
44699,Catapres,Anxiety,10,2014-02-25,91
100103,Desogestrel / ethinyl estradiol,Birth Control,9,2016-12-09,6
170269,Quetiapine,Not Listed / Othe,7,2016-06-13,1
152512,Lortab,Pain,9,2014-03-21,20
48968,Ethinyl estradiol / levonorgestrel,Birth Control,3,2016-10-07,3
32357,Lisinopril,High Blood Pressure,2,2016-01-22,35
191650,Lisdexamfetamine,ADHD,3,2013-04-15,28
137641,MetroGel,Rosacea,1,2010-03-08,76
124826,Tri-Previfem,Birth Control,5,2015-11-11,2
101309,Aubra,Birth Control,10,2017-03-09,2
76663,Lorcaserin,Weight Loss,1,2017-03-25,11
151496,Chantix,Smoking Cessation,10,2016-01-17,25
89421,Celexa,Anxiety and Stress,9,2013-10-31,47
125265,Dulcolax,Constipation,2,2016-03-26,6
229743,Ketamine,Anesthesia,1,2017-01-09,7
20622,Nucynta,Pain,7,2014-09-15,41
17978,Ethinyl estradiol / etonogestrel,Birth Control,3,2012-09-25,2
72704,Ethinyl estradiol / norethindrone,Birth Control,2,2015-10-03,4
219876,Amitriptyline,Migraine Prevention,2,2016-10-22,10
165627,Levonorgestrel,Birth Control,6,2017-04-23,0
19981,Pregabalin,Pain,10,2008-07-17,30
203610,Zyban,Smoking Cessation,10,2016-08-14,25
51286,Azithromycin,Bronchitis,1,2015-06-29,12
180788,Solodyn,Acne,8,2011-10-27,19
46577,Sulfasalazine,Ulcerative Colitis,1,2015-12-19,8
17419,Ethinyl estradiol / etonogestrel,Birth Control,5,2017-07-11,1
194841,Levetiracetam,Seizures,7,2016-01-18,21
138203,Ortho Evra,Birth Control,9,2010-10-10,1
33328,Microgestin Fe 1 / 20,Birth Control,1,2016-08-08,4
98564,Nexplanon,Birth Control,10,2014-08-15,12
230860,Milnacipran,ibromyalgia,10,2015-12-16,35
166192,Levonorgestrel,Birth Control,7,2016-12-29,10
114868,Ponstel,Period Pain,5,2010-11-15,5
48374,Ethinyl estradiol / levonorgestrel,Birth Control,2,2017-12-06,0
81088,Hypercare,Hyperhidrosis,7,2011-08-21,2
8587,Zolpidem,,6,2010-11-15,12
58458,Fluticasone / salmeterol,"Asthma, Maintenance",1,2016-04-30,9
22842,Mestinon,Myasthenia Gravis,7,2016-01-25,28
170303,Quetiapine,Bipolar Disorde,10,2016-07-18,53
193024,Dextroamphetamine,ADHD,10,2013-10-25,80
205797,Pristiq,Anxiety,10,2011-03-06,18
53641,Alesse,Abnormal Uterine Bleeding,10,2014-01-22,8
216050,Copper,Birth Control,9,2015-12-21,2
173008,Clonazepam,Anxiety,10,2012-07-11,15
189859,Jardiance,"Diabetes, Type 2",9,2017-02-05,19
35393,Levofloxacin,Sinusitis,8,2010-04-17,33
191811,Lisdexamfetamine,ADHD,9,2009-07-30,22
72295,Tramadol,Back Pain,9,2012-12-21,18
154597,Metronidazole,Dental Abscess,5,2017-11-16,0
194465,Atorvastatin,High Cholesterol,10,2017-08-04,8
92434,Ondansetron,Nausea/Vomiting,9,2015-11-25,23
37253,Vyvanse,ADHD,8,2016-06-16,27
136993,Isotretinoin,Acne,9,2016-08-29,35
65884,Propranolol,mance Anxiety,10,2015-09-12,44
138029,Ortho Evra,Birth Control,8,2015-03-26,6
193900,Dilaudid,Chronic Pain,7,2017-04-23,16
208192,Galantamine,Alzheimer's Disease,10,2015-11-06,15
130599,Levonorgestrel,Birth Control,2,2012-08-16,7
228054,Etonogestrel,Birth Control,1,2010-08-13,5
6,Medroxyprogesterone,Birth Control,1,2015-10-24,3
775,Silodosin,Benign Prostatic Hyperplasia,9,2015-07-20,17
5084,Orsythia,Birth Control,10,2015-12-27,6
183249,Cymbalta,Depression,8,2013-02-01,55
57572,Acetaminophen / hydrocodone,Back Pain,6,2017-04-28,16
217887,Strattera,ADHD,3,2011-02-14,18
171748,Loratadine,Urticaria,8,2012-01-25,24
13871,Bydureon,"Diabetes, Type 2",2,2015-12-09,7
165732,Levonorgestrel,Emergency Contraception,10,2017-04-07,5
186616,Desvenlafaxine,Anxiety,9,2009-11-10,43
79533,Plan B One-Step,Emergency Contraception,3,2013-11-11,73
12513,Ortho Micronor,Birth Control,8,2013-05-15,37
180600,Fluticasone / vilanterol,COPD,8,2016-01-16,36
130506,Levonorgestrel,Birth Control,10,2012-09-14,4
157102,Differin,Acne,10,2017-03-29,16
85784,Ethinyl estradiol / norgestimate,Birth Control,8,2013-10-03,21
167719,Eletriptan,Migraine,9,2011-07-01,10
162912,Cefdinir,Otitis Media,10,2011-07-03,13
96868,Diphenhydramine / naproxen,Insomnia,1,2016-08-22,7
121311,Venlafaxine,Panic Disorde,10,2016-05-24,34
30546,Miconazole,Vaginal Yeast Infection,4,2017-11-27,1
210355,Linzess,"Constipation, Chronic",10,2015-03-05,82
31329,Miconazole,Vaginal Yeast Infection,1,2016-07-15,19
171527,Wellbutrin,Depression,9,2015-01-17,389
123872,Skyla,Birth Control,8,2016-11-05,1
97803,Nexplanon,Birth Control,1,2015-11-04,0
224088,Alfuzosin,Benign Prostatic Hyperplasia,10,2015-07-13,14
78436,Allegra,Allergic Rhinitis,1,2016-08-10,4
134972,Dapsone,Acne,10,2015-07-16,19
223850,Depakote ER,Bipolar Disorde,6,2011-10-24,34
142001,Escitalopram,Anxiety,9,2009-06-04,80
172494,Clonazepam,Anxiety,10,2016-04-18,52
185983,Desvenlafaxine,Depression,1,2017-01-05,1
203106,Gildess Fe 1 / 20,Birth Control,10,2014-03-23,12
89607,Celexa,Anxiety and Stress,8,2011-11-22,23
106985,Implanon,Birth Control,2,2013-10-20,6
5652,Oxytrol,Overactive Bladde,9,2014-02-06,69
19357,Pregabalin,Neuropathic Pain,9,2015-10-29,32
108382,Bupropion / naltrexone,Obesity,2,2015-05-07,9
166904,Levonorgestrel,Emergency Contraception,7,2016-07-11,6
117650,Nortriptyline,Migraine Prevention,6,2014-02-19,101
178528,Victoza,Weight Loss,10,2017-09-02,20
74925,Keppra,Seizures,10,2009-02-02,36
147608,Aviane,Birth Control,4,2009-10-23,1
156453,Ropinirole,Parkinson's Disease,1,2009-01-31,29
175898,Levaquin,Otitis Media,5,2009-08-28,7
186363,Desvenlafaxine,Anxiety,1,2011-12-14,7
220299,Amitriptyline,Insomnia,9,2014-09-01,145
154843,Metronidazole,Bacterial Infection,10,2017-04-12,13
160959,Risperidone,Paranoid Disorde,9,2016-07-31,22
114416,Simponi Aria,Rheumatoid Arthritis,8,2015-05-17,8
202818,Loperamide,Diarrhea,10,2014-10-05,7
27421,Requip,Restless Legs Syndrome,8,2015-02-15,30
133093,Tri-Sprintec,Birth Control,6,2015-05-08,14
124354,Skyla,Birth Control,10,2016-01-02,6
56734,Elavil,Pain,9,2012-02-29,226
181601,Prozac,Premenstrual Dysphoric Disorde,9,2013-03-02,102
25917,Lamisil,"Onychomycosis, Toenail",9,2016-04-09,60
107819,Implanon,Birth Control,5,2009-05-01,4
201254,Zoloft,Depression,4,2016-07-07,9
215105,Fexofenadine,Urticaria,10,2012-02-27,64
4479,Belviq,Weight Loss,3,2016-12-05,13
147332,Alprazolam,Panic Disorde,10,2011-12-14,1
40079,Contrave,Obesity,9,2015-05-12,27
60065,NuvaRing,Birth Control,9,2014-01-13,7
182773,Cymbalta,Major Depressive Disorde,8,2016-11-07,12
207797,Suprep Bowel Prep Kit,Bowel Preparation,10,2015-09-20,8
217452,Clarithromycin,Sinusitis,1,2015-09-04,47
139425,Armodafinil,Depression,7,2011-12-11,29
69919,Pyridostigmine,Not Listed / Othe,5,2010-12-18,4
164850,Librax,Irritable Bowel Syndrome,10,2011-04-09,62
184022,Hydroxyzine,Anxiety,10,2017-05-28,22
147252,Alprazolam,Anxiety,10,2012-12-08,43
196115,Nicotrol Inhaler,Smoking Cessation,10,2009-06-03,55
146018,Suboxone,Opiate Dependence,10,2015-03-09,30
175076,Xylometazoline,Nasal Congestion,10,2012-12-26,43
166873,Levonorgestrel,Emergency Contraception,9,2016-07-17,10
164844,Librax,Irritable Bowel Syndrome,10,2012-08-21,65
77651,Cephalexin,Upper Respiratory Tract Infection,3,2015-03-29,15
144311,Etonogestrel,Birth Control,1,2016-05-17,9
223873,Fluoroplex,Keratosis,10,2015-05-10,31
118772,Zoloft,Social Anxiety Disorde,2,2012-04-12,28
172102,Amitiza,"Constipation, Chronic",9,2012-11-25,39
27215,Imitrex,Migraine,8,2017-08-06,5
194497,Atorvastatin,High Cholesterol,10,2016-10-30,32
184297,Hydroxyzine,Anxiety,9,2015-09-02,56
1584,Eluxadoline,Irritable Bowel Syndrome,2,2016-09-07,15
51231,Azithromycin,Chlamydia Infection,1,2015-11-15,13
82555,Hysingla ER,Pain,1,2017-12-04,0
87299,Latuda,Bipolar Disorde,6,2011-09-05,55
49956,Gabapentin,Insomnia,8,2016-01-29,47
65660,Propranolol,Migraine Prevention,10,2016-12-27,19
45033,Fluoxetine,Anxiety and Stress,1,2017-01-31,8
31637,Miconazole,Vaginal Yeast Infection,9,2015-12-30,4
163616,Mirtazapine,Depression,10,2013-07-25,20
39699,Contrave,Obesity,10,2016-04-20,25
144395,Etonogestrel,Birth Control,10,2016-04-17,10
201143,Zoloft,Post Traumatic Stress Disorde,5,2016-11-28,9
228395,Butrans,Pain,9,2013-07-06,156
46034,Phendimetrazine,Obesity,9,2009-03-30,26
20960,Acyclovir,Mononucleosis,10,2012-05-29,16
58128,Acetaminophen / hydrocodone,Pain,10,2009-04-08,21
57122,MiraLax,Constipation,10,2012-12-18,194
73013,Ethinyl estradiol / norethindrone,Birth Control,9,2015-04-17,16
230814,Micardis,High Blood Pressure,3,2009-07-24,89
84804,Ethinyl estradiol / norgestimate,Birth Control,2,2016-04-23,15
145436,Zithromax,Sinusitis,5,2009-08-27,41
218360,Amoxicillin / clavulanate,Bronchitis,10,2014-03-21,11
85248,Ethinyl estradiol / norgestimate,Birth Control,9,2015-09-28,4
9748,Lo Loestrin Fe,Birth Control,1,2015-08-15,9
120468,Montelukast,"Asthma, Maintenance",10,2009-03-24,34
76320,Roflumilast,"COPD, Maintenance",1,2012-07-20,48
57032,Ranitidine,Gastric Ulcer Maintenance Treatment,10,2008-05-13,68
124906,Tri-Previfem,Birth Control,9,2015-03-17,6
103910,Ethinyl estradiol / levonorgestrel,Birth Control,2,2014-09-10,22
226790,Etonogestrel,Birth Control,5,2015-03-09,3
148805,Mirena,Abnormal Uterine Bleeding,10,2016-04-13,13
40459,Savella,ibromyalgia,8,2009-09-20,54
222186,Zytiga,Prostate Cance,9,2016-12-23,7
111335,Ledipasvir / sofosbuvir,Hepatitis C,2,2016-05-05,14
187096,Safyral,Birth Control,10,2015-06-28,3
230185,Daklinza,Hepatitis C,10,2015-10-18,12
161464,Ortho Tri-Cyclen,Birth Control,9,2008-10-17,12
5056,Orsythia,Birth Control,10,2016-08-05,4
56226,Humira,Psoriasis,10,2016-12-03,29
38681,Liletta,Birth Control,5,2016-07-26,4
2701,Diltiazem,Supraventricular Tachycardia,9,2013-04-24,29
119582,Testosterone,"Hypogonadism, Male",7,2011-04-14,50
132706,Zovirax,Herpes Simplex,10,2008-07-25,36
1482,Daliresp,COPD,10,2013-04-02,66
163927,Toradol IV / IM,Pain,9,2016-02-21,3
166376,Levonorgestrel,Birth Control,1,2016-11-23,3
62223,Citalopram,Depression,9,2013-10-29,53
224027,Alfuzosin,Benign Prostatic Hyperplasia,8,2010-01-29,50
164014,Fluorouracil,Basal Cell Carcinoma,5,2016-10-20,21
21144,Paliperidone,Schizophrenia,8,2012-11-25,39
221212,Drysol,Hyperhidrosis,10,2013-05-15,7
67325,Omeprazole,GERD,10,2010-01-13,12
6199,Minastrin 24 Fe,Birth Control,9,2015-02-24,18
3708,Casodex,Prostate Cance,9,2014-07-24,42
16257,Ethinyl estradiol / norethindrone,Birth Control,4,2016-03-20,4
130029,Levonorgestrel,Emergency Contraception,10,2015-01-10,44
30449,Klonopin,Bipolar Disorde,9,2009-02-06,43
56269,Humira,Psoriatic Arthritis,10,2016-09-21,36
27135,Sklice,Head Lice,10,2017-11-03,0
104004,Ethinyl estradiol / levonorgestrel,Birth Control,4,2014-05-11,30
87344,Tri-Linyah,Birth Control,1,2017-03-07,4
158699,Methylphenidate,ADHD,8,2011-12-13,14
129692,Levonorgestrel,Birth Control,8,2015-06-02,6
209620,Donepezil,Alzheimer's Disease,3,2017-07-23,2
170037,Dihydroergotamine,Migraine,8,2008-04-05,30
230242,Meloxicam,Osteoarthritis,10,2017-05-26,19
92283,Lyrica,Pain,10,2009-09-12,51
87452,Naproxen,Sciatica,8,2016-06-17,10
131858,Effexor XR,Depression,7,2014-01-27,62
147409,Alprazolam,Anxiety,10,2011-07-22,0
210634,Mirtazapine,Insomnia,7,2017-05-18,3
192068,Drospirenone / ethinyl estradiol,Acne,10,2016-11-05,8
174762,Dulera,"Asthma, Maintenance",8,2011-09-30,45
60728,MoviPrep,Bowel Preparation,10,2016-10-26,21
80538,Zovia,Birth Control,5,2017-01-07,4
143567,Etonogestrel,Birth Control,8,2016-12-28,2
151373,Chantix,Smoking Cessation,10,2017-02-01,8
138506,Phentermine,Weight Loss,10,2013-06-15,31
72725,Ethinyl estradiol / norethindrone,Birth Control,3,2015-08-27,4
145699,Qsymia,Weight Loss,9,2015-08-04,32
101878,Terbinafine,"Onychomycosis, Toenail",9,2017-03-11,7
60030,NuvaRing,Birth Control,5,2013-07-27,9
207405,Suprep Bowel Prep Kit,Bowel Preparation,2,2016-11-16,11
61350,Citalopram,Depression,1,2017-09-28,9
29049,Topiramate,Migraine Prevention,10,2017-10-05,3
120828,Antabuse,Alcohol Dependence,9,2008-08-07,84
102170,Spiriva,"COPD, Maintenance",5,2014-11-10,53
43363,Hydromorphone,Chronic Pain,9,2015-12-05,13
48112,Cariprazine,Bipolar Disorde,3,2017-01-28,24
116699,Lamictal,Bipolar Disorde,1,2017-02-15,18
57674,Acetaminophen / hydrocodone,Pain,9,2015-01-23,47
154847,Metronidazole,Bacterial Vaginitis,1,2017-04-06,14
99956,Magnesium sulfate / potassium sulfate / sodium sulfate,Bowel Preparation,10,2016-03-01,17
46273,Modafinil,Narcolepsy,5,2016-11-30,2
53429,Demerol,Pain,10,2015-01-06,24
73349,Ethinyl estradiol / norethindrone,Birth Control,2,2014-02-06,16
107899,Ethinyl estradiol / norelgestromin,Birth Control,10,2017-06-10,8
3524,Nitrofurantoin,Urinary Tract Infection,2,2015-05-24,6
86360,Magnesium sulfate / potassium sulfate / sodium sulfate,,4,2012-05-16,16
189229,Oxycodone,Chronic Pain,7,2016-04-21,12
119417,Testosterone,"Hypogonadism, Male",10,2013-09-19,34
190439,Ortho Tri-Cyclen Lo,Birth Control,2,2011-01-04,3
57740,Acetaminophen / hydrocodone,Back Pain,9,2013-05-21,22
67312,Omeprazole,GERD,5,2011-08-09,23
63786,Bromocriptine,Hyperprolactinemia,10,2013-06-06,43
192871,Drospirenone / ethinyl estradiol,Menstrual Disorders,7,2010-01-07,2
83622,Levocetirizine,Allergic Rhinitis,9,2009-02-19,24
205901,Pristiq,ibromyalgia,10,2009-10-22,60
19128,Pregabalin,Generalized Anxiety Disorde,10,2017-09-06,24
189766,Oxycodone,Pain,10,2008-05-25,10
155425,Metronidazole,Bacterial Infection,9,2015-05-29,12
95164,Guanfacine,ADHD,8,2016-04-21,27
34847,Minocycline,Rosacea,8,2012-06-01,23
49268,Ethinyl estradiol / levonorgestrel,Birth Control,1,2016-04-20,2
187701,Codeine / guaifenesin,Cough,10,2012-11-23,30
99652,Magnesium sulfate / potassium sulfate / sodium sulfate,Bowel Preparation,9,2016-12-01,20
178669,Victoza,"Diabetes, Type 2",2,2017-01-07,13
26470,Sprintec,Birth Control,9,2014-12-15,20
66028,Propranolol,mance Anxiety,10,2013-12-05,77
118564,Amoxicillin / clarithromycin / lansoprazole,Helicobacter Pylori Infection,7,2016-08-15,19
69137,Fleet Phospho Soda,Constipation,10,2010-10-28,19
78869,Pulmicort Turbuhaler,"Asthma, Maintenance",2,2011-09-15,22
212457,Prograf,"Organ Transplant, Rejection Prophylaxis",9,2017-11-28,0
75946,Temazepam,Insomnia,9,2008-10-27,35
153380,Doxycycline,Acne,9,2014-04-08,10
104924,Ethinyl estradiol / levonorgestrel,Birth Control,5,2009-10-01,1
89747,Celexa,Depression,9,2009-09-05,73
181490,Prozac,Depression,10,2015-06-25,138
7421,Monistat 7-Day Combination Pack,Vaginal Yeast Infection,1,2015-08-12,7
140477,Escitalopram,Anxiety,1,2017-05-11,7
19308,Pregabalin,Pain,10,2016-05-04,22
12700,Etanercept,Rheumatoid Arthritis,9,2015-03-29,29
221591,Ziana,Acne,7,2015-09-10,11
175652,Augmentin,Sinusitis,10,2010-01-25,16
20115,Macrobid,Urinary Tract Infection,4,2016-06-16,14
217939,Strattera,ADHD,3,2009-11-18,12
70063,Naprelan,Period Pain,10,2016-03-29,4
177907,Duloxetine,ibromyalgia,9,2013-10-20,54
44408,Ethinyl estradiol / norgestimate,Birth Control,1,2010-05-19,14
192903,Drospirenone / ethinyl estradiol,Polycystic Ovary Syndrome,9,2009-11-06,19
150032,Cinryze,Hereditary Angioedema,3,2011-03-03,4
15929,Ethinyl estradiol / norethindrone,Birth Control,5,2016-07-20,3
196741,Paroxetine,Panic Disorde,10,2017-06-25,9
197298,Paroxetine,Panic Disorde,9,2012-12-28,73
176829,Triazolam,Insomnia,9,2015-03-23,43
215262,Lubiprostone,"Constipation, Chronic",8,2012-05-15,26
137848,Enbrel,Psoriasis,9,2009-02-24,8
309,Medroxyprogesterone,Birth Control,8,2015-01-14,34
123269,Apri,Birth Control,4,2017-09-07,3
18922,Chlordiazepoxide,Alcohol Withdrawal,9,2017-07-31,12
137552,Isotretinoin,Acne,8,2008-12-25,26
102369,Aripiprazole,Bipolar Disorde,9,2017-11-27,5
178615,Victoza,Weight Loss,10,2017-04-19,43
118001,Anafranil,Obsessive Compulsive Disorde,10,2017-10-04,8
119850,Losartan,High Blood Pressure,10,2017-08-09,8
80220,Benzonatate,Cough,1,2015-04-22,19
109103,Nexplanon,Birth Control,4,2017-04-19,3
194832,Levetiracetam,Epilepsy,5,2016-04-10,6
91417,Anastrozole,Breast Cance,3,2014-01-11,85
176809,Triazolam,Insomnia,10,2017-10-05,0
22365,Testim,"Hypogonadism, Male",8,2009-01-13,31
209401,Nifedipine,High Blood Pressure,1,2012-02-08,18
109477,Nexplanon,Birth Control,10,2016-11-12,11
171450,Wellbutrin,Depression,9,2014-08-28,204
130455,Levonorgestrel,Birth Control,10,2013-01-31,16
24470,Polyethylene glycol 3350 with electrolytes,Bowel Preparation,10,2016-10-05,6
163867,Garlic,Bacterial Infection,10,2014-01-10,12
157184,Differin,Acne,10,2014-04-23,108
161171,Risperidone,Bipolar Disorde,10,2013-10-22,16
173358,Clonazepam,Anxiety,10,2008-10-11,13
171073,Quetiapine,Bipolar Disorde,8,2008-05-19,168
176569,Lorazepam,Panic Disorde,10,2011-12-27,55
7240,Aluminum chloride hexahydrate,Hyperhidrosis,10,2010-08-02,1
69478,Buprenorphine,Chronic Pain,7,2015-10-03,15
159998,Tamoxifen,"Breast Cancer, Prevention",7,2014-09-14,70
121122,Venlafaxine,Anxiety,9,2016-12-13,2
211041,Carisoprodol,Muscle Spasm,9,2013-01-29,97
220145,Amitriptyline,ibromyalgia,3,2015-10-13,11
204891,Cyproheptadine,Migraine,10,2013-12-29,35
34201,Tramadol,Pain,7,2009-03-23,148
199731,Varenicline,Smoking Cessation,10,2017-03-30,33
23110,Apremilast,Plaque Psoriasis,1,2016-05-25,7
116649,Lamictal,Bipolar Disorde,10,2017-08-19,26
91174,Botox,Cervical Dystonia,10,2015-10-22,25
53331,Ultram ER,ibromyalgia,8,2008-12-29,53
103515,Synthroid,Hashimoto's disease,1,2015-04-11,14
164095,Ibuprofen,Period Pain,9,2010-07-30,13
41912,Clonidine,Opiate Withdrawal,8,2010-06-01,74
175167,Relistor,"Constipation, Drug Induced",9,2011-02-18,44
172420,Clonazepam,Anxiety,10,2016-08-25,108
52972,Rogaine,Alopecia,1,2017-05-03,21
75678,L-methylfolate,Depression,10,2011-03-21,99
79631,Insulin glargine,"Diabetes, Type 1",1,2015-07-29,3
159833,Bactrim,Bacterial Skin Infection,10,2015-06-17,29
31846,Miconazole,Vaginal Yeast Infection,1,2015-10-11,6
197503,Paroxetine,Depression,9,2009-06-27,2
107408,Implanon,Birth Control,8,2011-08-12,0
51262,Azithromycin,Chlamydia Infection,5,2015-11-12,5
135459,Tamiflu,Influenza,2,2016-02-17,5
174301,Histrelin,Not Listed / Othe,3,2008-03-05,2
4652,Belviq,Obesity,10,2015-07-23,14
52562,Armour Thyroid,Underactive Thyroid,9,2013-10-14,95
19393,Pregabalin,Neuropathic Pain,9,2015-05-27,33
72283,Tramadol,Anxiety,10,2013-02-21,66
136418,Mirvaso,Rosacea,1,2015-11-11,11
134404,Prednisone,Inflammatory Conditions,10,2011-02-27,44
5725,Claritin-D,Allergic Rhinitis,2,2017-08-17,3
139616,Etodolac,Pain,9,2014-08-29,39
122407,Linaclotide,Irritable Bowel Syndrome,6,2017-11-18,1
133185,Tri-Sprintec,Birth Control,2,2012-10-02,6
112685,Lunesta,Insomnia,10,2010-01-19,17
134089,Prednisone,Asthma,6,2017-01-19,13
219796,Amitriptyline,Pain,9,2017-07-01,13
12071,Metaxalone,ibromyalgia,10,2013-01-25,42
186527,Desvenlafaxine,Depression,3,2010-03-15,34
207817,Suprep Bowel Prep Kit,Bowel Preparation,10,2015-08-18,12
92851,Vortioxetine,Depression,9,2017-06-06,29
6178,Minastrin 24 Fe,Birth Control,4,2014-05-01,8
178474,Adzenys XR-ODT,ADHD,10,2016-06-01,16
217196,Clarithromycin,Upper Respiratory Tract Infection,5,2017-11-18,0
140672,Escitalopram,Depression,10,2016-09-26,17
925,Pentosan polysulfate sodium,Interstitial Cystitis,10,2014-06-22,64
116996,Lamictal,Seizure Prevention,10,2010-04-08,92
44764,Ramipril,High Blood Pressure,5,2016-02-09,31
192382,Drospirenone / ethinyl estradiol,Acne,6,2015-03-11,8
141445,Escitalopram,Depression,7,2014-06-11,59
172670,Clonazepam,Anxiety,6,2015-07-12,15
99316,Tegaserod,Irritable Bowel Syndrome,10,2008-09-08,16
133975,Ashlyna,Birth Control,1,2017-05-04,3
191865,Lisdexamfetamine,ADHD,4,2010-02-09,46
214332,Tioconazole,Vaginal Yeast Infection,3,2015-12-21,7
35309,Levofloxacin,Pneumonia,10,2011-10-12,65
228931,Tadalafil,Erectile Dysfunction,10,2015-12-11,32
84193,Ethinyl estradiol / norgestimate,Birth Control,2,2017-03-21,3
210335,Linzess,Irritable Bowel Syndrome,1,2015-05-28,28
95333,Otezla,Plaque Psoriasis,1,2017-09-19,4
179017,Victoza,"Diabetes, Type 2",10,2010-09-15,5
23303,Methadone,Opiate Withdrawal,10,2013-01-29,82
154662,Metronidazole,Bacterial Vaginitis,9,2017-08-20,4
106007,Atomoxetine,ADHD,6,2014-10-27,54
215436,Copper,Birth Control,1,2017-10-06,3
38303,Chlorhexidine,Mucositis,10,2014-10-08,17
146315,Suboxone,Opiate Dependence,9,2009-10-20,27
229511,Lurasidone,Bipolar Disorde,1,2015-10-26,13
197471,Paroxetine,Anxiety,1,2009-11-24,69
85790,Ethinyl estradiol / norgestimate,Acne,10,2013-09-21,13
192115,Drospirenone / ethinyl estradiol,Birth Control,9,2016-06-22,4
133201,Tri-Sprintec,Birth Control,8,2013-03-05,7
4166,Atropine / diphenoxylate,Diarrhea,1,2014-07-04,36
123475,Actemra,Rheumatoid Arthritis,9,2013-05-30,113
90515,Docosanol,Herpes Simplex,1,2016-03-31,5
160938,Risperidone,Schizoaffective Disorde,1,2016-12-01,2
71688,Tramadol,Depression,10,2017-06-09,27
40299,Savella,ibromyalgia,5,2011-02-14,10
32673,Budesonide / formoterol,moterol),10,2017-05-12,13
57133,MiraLax,Constipation,10,2011-11-17,95
115863,Divalproex sodium,Bipolar Disorde,1,2013-09-01,35
182537,Mirena,Birth Control,9,2009-09-18,1
145212,Etonogestrel,Birth Control,1,2015-10-12,2
166404,Levonorgestrel,Birth Control,10,2016-11-08,2
75753,Temazepam,Insomnia,10,2015-05-07,44
44105,Ethinyl estradiol / norgestimate,,10,2012-04-07,1
132332,Ativan,Anxiety,4,2011-09-21,8
66290,Valacyclovir,"Herpes Simplex, Suppression",9,2016-02-19,182
11842,Trulicity,"Diabetes, Type 2",8,2016-12-13,17
72095,Tramadol,Depression,10,2014-12-18,123
149519,Mirena,Birth Control,6,2012-08-02,2
37387,Vyvanse,Binge Eating Disorde,9,2015-04-08,64
110729,Tri-Luma,Melasma,1,2015-07-18,29
23504,Methadone,Opiate Withdrawal,8,2008-08-01,131
51246,Azithromycin,Chlamydia Infection,7,2016-03-04,2
122005,Venlafaxine,Depression,10,2011-08-27,54
169704,Amitriptyline,Migraine Prevention,8,2010-01-28,82
129824,Levonorgestrel,Emergency Contraception,10,2015-05-07,13
104554,Ethinyl estradiol / levonorgestrel,Endometriosis,4,2011-09-26,7
191123,Campral,Alcohol Dependence,9,2008-12-17,29
133798,Bactrim DS,Urinary Tract Infection,8,2013-06-20,26
210069,Linzess,"Constipation, Chronic",9,2017-05-22,27
69302,Buprenorphine,Chronic Pain,2,2017-10-20,2
46731,Senna Plus,"Constipation, Acute",9,2009-12-01,26
70636,Flomax,Urinary Tract Stones,9,2009-04-20,152
138073,Ortho Evra,Birth Control,8,2013-06-27,8
104547,Ethinyl estradiol / levonorgestrel,Birth Control,1,2011-10-02,0
121823,Venlafaxine,Depression,9,2013-07-26,6
88578,Adderall,ADHD,10,2009-02-14,103
11040,Terbinafine,"Onychomycosis, Toenail",9,2011-08-01,43
49821,Gabapentin,Diabetic Peripheral Neuropathy,1,2016-07-10,25
71581,Secobarbital,Insomnia,10,2011-09-08,48
7241,Aluminum chloride hexahydrate,Hyperhidrosis,10,2010-07-12,10
140248,Asenapine,Schizoaffective Disorde,9,2012-02-26,14
199509,Penicillin v potassium,Strep Throat,9,2014-09-16,2
99101,Lutera,Birth Control,1,2013-06-04,17
144032,Etonogestrel,Birth Control,9,2016-07-11,7
5759,Ketorolac,Corneal Refractive Surgery,9,2009-07-13,14
174480,Abreva,Herpes Simplex,1,2017-12-05,0
216160,Copper,Birth Control,9,2015-03-09,1
84869,Ethinyl estradiol / norgestimate,Birth Control,1,2016-03-21,3
27040,Ultram,Pain,8,2009-09-22,17
227578,Etonogestrel,Birth Control,3,2012-08-13,0
213786,Tioconazole,Vaginal Yeast Infection,9,2017-01-19,1
3046,Nitrofurantoin,Urinary Tract Infection,3,2017-06-21,3
139389,Armodafinil,Narcolepsy,8,2012-02-21,12
101939,Silenor,Insomnia,7,2016-08-13,27
134395,Prednisone,Ulcerative Colitis,1,2011-06-08,16
53412,Demerol,Pain,8,2009-08-04,61
217296,Clarithromycin,,9,2016-06-01,4
19026,Chlordiazepoxide,Alcohol Withdrawal,10,2014-01-13,4
73618,Ethinyl estradiol / norethindrone,Birth Control,8,2013-01-24,14
898,Pentosan polysulfate sodium,Interstitial Cystitis,10,2010-04-24,33
144121,Etonogestrel,Birth Control,1,2016-06-24,0
122202,Venlafaxine,Generalized Anxiety Disorde,1,2009-05-04,42
23031,Methadone,Chronic Pain,10,2017-06-07,34
76843,Lorcaserin,Weight Loss,10,2015-12-23,54
93612,Morphine,Chronic Pain,7,2015-01-05,35
90412,Docosanol,Herpes Simplex,1,2017-03-18,14
225735,Bupropion,Depression,7,2012-03-28,18
67280,Omeprazole,Stomach Ulce,7,2013-03-11,12
164439,Diclofenac,Ankylosing Spondylitis,10,2015-05-15,7
222521,Kyleena,Birth Control,6,2017-06-09,0
36402,Fentanyl,Chronic Pain,9,2017-01-30,19
167029,Levonorgestrel,Birth Control,6,2016-06-15,4
32662,Lisinopril,High Blood Pressure,10,2008-04-26,97
14115,Triamcinolone,Allergic Reactions,8,2009-08-01,9
157110,Differin,Acne,1,2017-03-13,7
164444,Diclofenac,Period Pain,9,2015-04-13,13
163849,Mirtazapine,Depression,6,2011-03-12,32
107262,Implanon,Birth Control,1,2012-03-05,0
187509,Monistat 3-Day Combination Pack,Vaginal Yeast Infection,1,2016-10-03,11
166329,Levonorgestrel,Emergency Contraception,4,2016-11-13,9
93296,Vortioxetine,Depression,6,2015-06-03,4
35862,Buprenorphine / naloxone,Opiate Dependence,10,2014-09-16,51
102709,Aripiprazole,Major Depressive Disorde,10,2014-08-14,51
190382,Ortho Tri-Cyclen Lo,Ovarian Cysts,1,2012-01-20,3
33977,Junel Fe 1 / 20,Birth Control,5,2015-09-25,7
169594,Aspirin / butalbital / caffeine,Migraine,8,2017-01-23,1
214238,Tioconazole,Vaginal Yeast Infection,1,2016-02-12,5
26335,Sprintec,Birth Control,1,2015-11-26,3
56234,Humira,Plaque Psoriasis,9,2016-04-26,17
51461,Estraderm,Postmenopausal Symptoms,1,2015-08-01,5
89894,Risperdal,Bipolar Disorde,8,2017-06-18,6
92966,Vortioxetine,Depression,9,2017-01-08,26
35435,Levofloxacin,Sinusitis,1,2009-04-24,49
118124,Zenatane,Acne,7,2016-01-12,2
86333,Magnesium sulfate / potassium sulfate / sodium sulfate,Bowel Preparation,10,2013-07-17,35
225867,Bupropion,Anxiety,3,2011-01-07,25
4822,Belviq,Weight Loss,10,2015-02-05,226
95949,Sertraline,Panic Disorde,1,2013-07-23,14
97759,Cyclafem 1 / 35,Birth Control,1,2017-10-17,0
21857,Infliximab,Ulcerative Colitis,10,2016-07-12,21
147302,Alprazolam,Anxiety,10,2012-07-21,26
49,Medroxyprogesterone,Abnormal Uterine Bleeding,8,2015-11-12,12
156309,Ropinirole,Restless Legs Syndrome,9,2016-05-31,16
132778,Prochlorperazine,Nausea/Vomiting,4,2015-08-03,13
96615,Sertraline,Depression,9,2008-08-05,949
134082,Prednisone,Allergic Reactions,3,2017-02-02,15
58232,Acetaminophen / hydrocodone,Pain,8,2008-05-05,64
108774,Nexplanon,Birth Control,4,2017-08-07,4
70251,Zofran,Gastroenteritis,10,2017-01-25,18
66658,Toviaz,Overactive Bladde,1,2009-05-23,57
3351,Nitrofurantoin,Bladder Infection,1,2016-01-06,26
172545,Clonazepam,Anxiety,10,2016-01-27,18
4647,Belviq,Weight Loss,10,2015-07-24,39
101294,Aubra,Birth Control,10,2017-05-12,4
102740,Aripiprazole,,10,2013-09-07,20
3384,Nitrofurantoin,Urinary Tract Infection,8,2016-02-04,11
73707,Ethinyl estradiol / norethindrone,Birth Control,6,2012-10-29,3
80527,Mobic,Inflammatory Conditions,10,2014-01-11,219
217671,Strattera,ADHD,1,2017-09-20,13
202071,Benzoyl peroxide / clindamycin,Acne,9,2016-04-10,0
135624,Intuniv,ADHD,3,2012-05-19,33
25891,Ethinyl estradiol / norelgestromin,Birth Control,10,2009-08-06,27
79171,Plan B One-Step,Emergency Contraception,10,2016-07-31,20
72934,Ethinyl estradiol / norethindrone,Birth Control,8,2015-06-01,8
138634,Phentermine,Weight Loss,10,2012-04-13,3
12655,Etanercept,Ankylosing Spondylitis,10,2016-09-14,5
165845,Levonorgestrel,Birth Control,9,2017-03-18,0
205094,Complera,HIV Infection,10,2012-07-03,10
170526,Quetiapine,Bipolar Disorde,1,2015-09-29,4
162755,Cefdinir,Sinusitis,1,2017-01-01,9
176936,Adalimumab,"Crohn's Disease, Maintenance",10,2017-09-17,6
199151,Depo-Provera,Birth Control,10,2016-01-13,9
5771,Claritin-D,Nasal Congestion,10,2009-11-08,44
213796,Tioconazole,Vaginal Yeast Infection,1,2017-01-04,3
178821,Victoza,"Diabetes, Type 2",10,2015-04-22,47
79452,Plan B One-Step,Emergency Contraception,10,2015-04-03,29
150031,Cinryze,Hereditary Angioedema,10,2013-09-18,8
118937,Zoloft,Depression,6,2011-05-28,30
89258,Celexa,Anxiety and Stress,10,2016-02-02,89
183845,Opium,Diarrhea,8,2010-03-11,27
207472,Suprep Bowel Prep Kit,Bowel Preparation,9,2016-09-30,8
76191,Dinoprostone,Labor Induction,1,2008-02-25,37
142391,Levonorgestrel,Birth Control,10,2017-10-04,5
157316,Amaryl,"Diabetes, Type 2",9,2016-02-25,47
111341,Ledipasvir / sofosbuvir,Hepatitis C,10,2016-04-27,15
127054,Metoclopramide,Migraine,10,2009-11-26,6
139000,Phentermine,Weight Loss,2,2009-07-16,4
192139,Drospirenone / ethinyl estradiol,Birth Control,9,2016-08-08,6
221447,Dextromethorphan,Cough,1,2015-10-29,2
209851,Solu-Medrol,Inflammatory Conditions,9,2017-04-01,20
89045,Singulair,Allergic Rhinitis,1,2016-02-24,41
48946,Ethinyl estradiol / levonorgestrel,Birth Control,10,2016-10-22,3
166130,Levonorgestrel,Birth Control,9,2017-01-18,0
14045,Beclomethasone,"Asthma, Maintenance",7,2013-03-03,36
71030,Rituximab,Rheumatoid Arthritis,1,2016-02-06,27
221289,Drysol,Hyperhidrosis,9,2009-06-12,12
49736,Gabapentin,Neuropathic Pain,4,2016-08-19,3
63990,Sertraline,Depression,3,2017-06-15,8
42818,Xulane,Birth Control,1,2016-06-02,2
14617,Polycarbophil,Constipation,9,2010-12-10,7
6800,Beyaz,Birth Control,10,2011-09-11,19
209476,Zubsolv,Opiate Dependence,10,2017-11-03,0
118794,Zoloft,Panic Disorde,5,2012-03-01,12
203890,Suvorexant,Insomnia,8,2015-11-04,31
98977,Lutera,Birth Control,8,2016-07-27,6
214520,Tioconazole,Vaginal Yeast Infection,10,2015-06-23,11
185968,Goserelin,Endometriosis,8,2014-06-19,26
203949,Suvorexant,Insomnia,1,2015-09-08,31
72983,Ethinyl estradiol / norethindrone,Birth Control,10,2015-05-06,15
194467,Atorvastatin,High Cholesterol,5,2017-06-27,13
79225,Plan B One-Step,Emergency Contraception,10,2016-04-21,13
3754,Fioricet,Headache,2,2017-04-10,11
125708,Flagyl,Diverticulitis,9,2012-11-11,79
83070,Paxil,Anxiety,5,2013-11-12,45
39922,Contrave,Obesity,8,2015-08-25,10
42566,Concerta,ADHD,4,2013-07-11,35
149676,Mirena,Birth Control,7,2012-04-19,0
73759,Ethinyl estradiol / norethindrone,Birth Control,1,2012-08-14,1
74506,Ethinyl estradiol / norethindrone,Birth Control,9,2009-10-27,10
145589,Qsymia,Weight Loss,10,2016-04-16,40
183246,Cymbalta,Chronic Pain,8,2013-02-12,40
105393,Carbamazepine,Trigeminal Neuralgia,9,2009-03-08,49
138327,Tamoxifen,Breast Cance,2,2017-02-24,23
90520,Docosanol,Herpes Simplex,1,2016-02-07,12
210270,Linzess,"Constipation, Chronic",1,2015-09-01,42
228448,Geodon,Schizoaffective Disorde,6,2017-09-19,1
213497,Cobicistat / elvitegravir / emtricitabine / tenofovir,HIV Infection,10,2013-05-03,14
85341,Ethinyl estradiol / norgestimate,Birth Control,10,2015-06-25,4
175409,Scopolamine,Motion Sickness,1,2017-04-15,13
66667,Seroquel,Bipolar Disorde,1,2015-11-25,25
208754,Sulfacetamide sodium / sulfur,Acne,9,2016-06-05,20
66225,Valacyclovir,CMV Prophylaxis,10,2017-03-14,6
175926,Levaquin,Sinusitis,3,2009-12-17,16
95984,Sertraline,Post Traumatic Stress Disorde,7,2013-04-09,38
157805,Accutane,Acne,9,2015-04-20,20
176337,Lorazepam,Anxiety,10,2015-09-18,18
14778,Ethinyl estradiol / norethindrone,Birth Control,1,2017-10-17,0
202145,Benzoyl peroxide / clindamycin,Acne,10,2015-07-17,5
210116,Linzess,Irritable Bowel Syndrome,4,2016-09-22,19
31412,Miconazole,Vaginal Yeast Infection,1,2016-06-24,1
112357,Gabapentin,Hot Flashes,9,2016-11-23,26
108806,Nexplanon,Birth Control,9,2017-09-26,2
201216,Zoloft,Social Anxiety Disorde,9,2016-08-15,17
148710,Mirena,Abnormal Uterine Bleeding,5,2016-06-08,12
42988,Phenytoin,Epilepsy,7,2013-09-13,4
71225,Lysteda,Menstrual Disorders,9,2011-06-20,11
62345,Citalopram,Anxiety and Stress,7,2012-04-04,14
195061,Restoril,Insomnia,7,2010-05-18,58
36752,Fentanyl,Pain,9,2009-07-24,7
150807,Sulfamethoxazole / trimethoprim,Urinary Tract Infection,10,2014-06-11,67
99624,Magnesium sulfate / potassium sulfate / sodium sulfate,Bowel Preparation,10,2017-02-16,17
10248,Advil Cold and Sinus,Sinus Symptoms,10,2017-01-14,4
134637,Ketorolac,Pain,10,2013-02-08,16
66345,Valacyclovir,Cold Sores,10,2014-12-10,15
44063,Ethinyl estradiol / norgestimate,Birth Control,3,2011-12-14,3
206589,Omeprazole / sodium bicarbonate,Gastrointestinal Hemorrhage,10,2008-03-22,11
109378,Nexplanon,Birth Control,9,2016-12-23,32
151627,Chantix,Smoking Cessation,10,2015-06-08,8
25738,Ethinyl estradiol / norelgestromin,Birth Control,2,2015-04-14,5
88267,Adderall,ADHD,10,2016-10-03,8
208544,Amlodipine / olmesartan,High Blood Pressure,10,2010-05-01,38
93164,Vortioxetine,Depression,3,2016-02-25,5
215246,Lubiprostone,Irritable Bowel Syndrome,1,2009-10-22,23
4416,Perphenazine,Bipolar Disorde,10,2016-01-17,18
38037,Adipex-P,Obesity,1,2016-05-08,21
821,Silodosin,Benign Prostatic Hyperplasia,8,2013-10-08,45
107629,Implanon,Birth Control,2,2010-08-24,18
59656,NuvaRing,Birth Control,1,2017-05-02,0
165081,Phentermine / topiramate,Weight Loss,9,2015-10-07,36
129031,Levonorgestrel,Abnormal Uterine Bleeding,3,2015-10-31,8
196534,Eszopiclone,Insomnia,10,2009-07-11,49
43812,Acetaminophen / codeine,Pain,10,2013-06-06,12
203318,Blisovi 24 Fe,Birth Control,1,2017-02-17,1
228630,Avonex,Multiple Sclerosis,9,2012-08-07,15
118846,Drospirenone / ethinyl estradiol,Acne,9,2017-07-22,14
19456,Pregabalin,ibromyalgia,9,2014-08-16,157
212941,Tizanidine,Muscle Spasm,6,2015-01-17,105
216026,Copper,Birth Control,9,2015-11-16,2
165227,Phentermine / topiramate,Obesity,6,2013-08-06,87
22809,Lidocaine,Pain,10,2009-09-21,16
228530,Geodon,Autism,10,2015-01-06,24
153396,Doxycycline,Acne,10,2014-02-11,20
74451,Ethinyl estradiol / norethindrone,Birth Control,1,2010-04-23,33
125383,Dulcolax,Constipation,5,2015-08-08,5
155382,Metronidazole,Bacterial Vaginitis,10,2015-08-02,11
185857,Emetrol,Nausea/Vomiting,9,2016-03-21,13
187427,Monistat 3-Day Combination Pack,Vaginal Yeast Infection,1,2017-10-05,3
180049,Adapalene / benzoyl peroxide,Acne,8,2013-07-06,11
147346,Alprazolam,Anxiety,8,2011-11-23,11
101621,Esgic,Headache,10,2009-09-28,8
101645,Methocarbamol,Muscle Spasm,7,2017-04-30,3
17271,Cervidil,Labor Induction,8,2013-02-03,9
165829,Levonorgestrel,Birth Control,2,2017-03-24,2
79722,Xarelto,Deep Vein Thrombosis,7,2017-08-26,0
213618,Tioconazole,Vaginal Yeast Infection,1,2017-07-05,7
69657,Buprenorphine,Opiate Dependence,9,2010-02-20,28
119420,Testosterone,"Hypogonadism, Male",10,2013-09-09,12
74042,Ethinyl estradiol / norethindrone,Birth Control,5,2011-12-30,0
9791,Lo Loestrin Fe,Birth Control,1,2015-05-28,6
202488,Lithium,Bipolar Disorde,8,2013-12-28,42
112667,Lunesta,Insomnia,10,2011-04-17,9
203461,Indomethacin,"Gout, Acute",8,2009-07-01,23
194113,Stribild,HIV Infection,9,2013-10-02,15
200148,Varenicline,Smoking Cessation,10,2015-06-03,32
19503,Pregabalin,Neuropathic Pain,6,2014-09-21,114
102965,Aripiprazole,Agitated State,9,2010-03-18,66
84703,Ethinyl estradiol / norgestimate,Abnormal Uterine Bleeding,2,2016-06-10,9
129063,Levonorgestrel,Birth Control,1,2015-11-11,5
75207,Mirapex,Restless Legs Syndrome,10,2017-08-06,16
157766,Accutane,Acne,10,2012-10-19,18
194358,Lorazepam Intensol,Panic Disorde,9,2014-01-29,17
142917,Etonogestrel,Birth Control,10,2017-08-23,5
222314,Kyleena,Birth Control,7,2017-11-12,1
210063,Linzess,"Constipation, Chronic",3,2017-06-09,13
92326,Lyrica,ibromyalgia,10,2008-09-22,34
1609,Eluxadoline,Irritable Bowel Syndrome,1,2016-12-13,19
159460,Nefazodone,Depression,10,2009-03-01,73
165371,Levonorgestrel,Birth Control,5,2017-06-22,2
212967,Tizanidine,Muscle Spasm,10,2013-05-02,171
135991,Acamprosate,Alcohol Dependence,10,2016-05-21,86
148782,Mirena,Birth Control,10,2016-05-09,10
199260,Depo-Provera,Abnormal Uterine Bleeding,1,2015-10-06,24
185724,Saxenda,Obesity,1,2016-03-14,31
52232,Adipex-P,Weight Loss,10,2010-01-24,37
2254,Metformin,Insulin Resistance Syndrome,9,2013-07-28,101
169642,Amitriptyline,Migraine Prevention,2,2012-04-05,18
138281,Orthovisc,Osteoarthritis,10,2016-01-23,43
125017,Dulcolax,Constipation,5,2017-04-25,9
172394,Clonazepam,Insomnia,1,2016-10-31,3
171294,Levitra,Erectile Dysfunction,8,2008-09-24,102
9696,Lo Loestrin Fe,Birth Control,7,2015-09-08,7
117354,Jublia,"Onychomycosis, Toenail",4,2016-07-30,33
167739,Levonorgestrel,Emergency Contraception,9,2016-01-14,3
139065,Phentermine,Weight Loss,10,2009-05-27,5
100056,Desogestrel / ethinyl estradiol,Birth Control,5,2017-05-01,2
134917,Pazopanib,Renal Cell Carcinoma,8,2015-04-29,57
128109,Phentermine,Weight Loss,8,2016-06-13,32
118572,Amoxicillin / clarithromycin / lansoprazole,Helicobacter Pylori Infection,8,2013-09-04,37
196897,Paroxetine,Social Anxiety Disorde,1,2016-04-17,11
32009,Miconazole,Vaginal Yeast Infection,10,2014-12-10,22
33765,Junel Fe 1 / 20,Abnormal Uterine Bleeding,8,2017-01-27,3
42514,Concerta,ADHD,2,2015-12-07,18
52022,Acetaminophen / caffeine / dihydrocodeine,Pain,9,2011-09-19,20
211831,Lamotrigine,Bipolar Disorde,10,2016-12-29,61
97398,St. john's wort,Depression,9,2017-11-20,2
149682,Mirena,Birth Control,3,2012-04-10,4
148962,Mirena,Birth Control,1,2016-01-01,4
47071,Thyroid desiccated,Underactive Thyroid,1,2017-04-03,28
35169,Levofloxacin,Pneumonia,1,2016-08-26,26
24002,Tretinoin,Acne,9,2016-12-05,40
71072,Viberzi,Irritable Bowel Syndrome,10,2017-05-16,14
138682,Phentermine,Weight Loss,10,2011-12-05,0
129925,Levonorgestrel,Birth Control,9,2015-03-11,23
2820,Cefixime,Bladder Infection,5,2014-04-13,6
21170,Paliperidone,Schizophrenia,10,2016-03-21,24
75989,Moxatag,Bacterial Endocarditis Prevention,9,2008-04-22,17
224769,Bupropion,Depression,7,2017-08-06,16
126133,Viibryd,Depression,9,2012-11-21,15
194185,Nebivolol,High Blood Pressure,10,2015-07-02,7
152206,Ciprofloxacin,Urinary Tract Infection,10,2016-01-12,31
113669,Acetaminophen / butalbital / caffeine,Headache,10,2008-11-18,18
39008,Contrave,Obesity,6,2017-08-02,13
115758,Divalproex sodium,Epilepsy,2,2017-07-24,6
45415,Fluoxetine,Depression,8,2014-12-22,87
106011,Atomoxetine,ADHD,8,2013-06-20,52
177584,Duloxetine,Anxiety,5,2015-10-09,47
225636,Bupropion,Depression,9,2013-08-14,89
25347,Golimumab,Spondyloarthritis,9,2015-07-30,2
176152,Lorazepam,Anxiety,8,2017-11-04,2
56043,Estradiol,Atrophic Vaginitis,5,2015-12-20,58
184818,Canagliflozin,"Diabetes, Type 2",10,2015-05-06,82
161820,Dermal filler,acial Wrinkles,1,2017-01-04,30
113839,Tegretol,Bipolar Disorde,9,2014-05-18,107
180338,Diclofenac,Pain,6,2014-05-26,35
87279,Latuda,Bipolar Disorde,9,2012-05-30,61
2754,Mydayis,ADHD,1,2017-11-09,9
175140,Relistor,"Constipation, Drug Induced",2,2017-08-06,2
179440,Olanzapine,Bipolar Disorde,9,2010-07-07,14
182857,Cymbalta,Major Depressive Disorde,8,2016-12-16,34
131902,Effexor XR,Anxiety,10,2013-09-05,89
7192,Aluminum chloride hexahydrate,Hyperhidrosis,8,2011-07-31,9
226348,Etonogestrel,Birth Control,10,2015-08-23,20
18823,Solifenacin,Overactive Bladde,2,2016-11-06,22
120825,Antabuse,Alcohol Dependence,9,2009-09-03,145
86671,Narcan Injection,Reversal of Opioid Sedation,1,2016-11-28,7
141533,Escitalopram,Anxiety,9,2013-09-16,14
162577,Meridia,Obesity,10,2008-11-01,91
41069,Acetaminophen / oxycodone,Chronic Pain,10,2014-04-15,140
53223,Glimepiride / rosiglitazone,"Diabetes, Type 2",10,2011-08-04,1
112206,Contrave,Obesity,9,2015-02-10,12
68958,Medroxyprogesterone,Abnormal Uterine Bleeding,5,2016-05-02,30
116432,Adalimumab,Psoriasis,9,2013-05-29,42
171940,Amitiza,"Constipation, Chronic",1,2016-09-01,17
192784,Drospirenone / ethinyl estradiol,Acne,6,2011-07-08,13
7992,Xanax,Anxiety,10,2009-06-09,24
74783,Keppra,13</span> users found this comment helpful.,9,2014-09-21,13
114230,Somnote,Insomnia,10,2008-06-24,18
44618,Ethinyl estradiol / norgestimate,Birth Control,8,2009-08-16,6
167421,Levonorgestrel,Birth Control,5,2016-03-07,8
82960,Paxil,Social Anxiety Disorde,7,2015-06-14,26
109845,Nexplanon,Birth Control,3,2016-06-25,1
85256,Ethinyl estradiol / norgestimate,Birth Control,7,2015-08-22,8
196900,Paroxetine,Anxiety,8,2016-04-11,19
111260,Ledipasvir / sofosbuvir,Hepatitis C,9,2016-10-04,24
1502,Eluxadoline,Irritable Bowel Syndrome,10,2017-10-06,10
231800,Trazodone,Depression,9,2014-01-05,122
17889,Ethinyl estradiol / etonogestrel,Birth Control,5,2013-08-10,37
2657,Plaquenil,Systemic Lupus Erythematosus,9,2010-11-16,64
127045,Metoclopramide,Migraine,10,2013-04-12,16
219693,Amitriptyline,Insomnia,9,2017-12-09,0
179494,Olanzapine,Bipolar Disorde,8,2008-09-10,107
148014,Norethindrone,Birth Control,6,2016-04-10,6
110368,Nexplanon,Birth Control,1,2016-02-04,3
140042,Xanax XR,Anxiety,10,2014-09-16,69
201295,Zoloft,Depression,4,2016-01-02,33
14905,Ethinyl estradiol / norethindrone,Birth Control,1,2017-08-17,1
155842,Metronidazole,Bacterial Vaginitis,1,2009-11-25,42
173683,Brexpiprazole,Not Listed / Othe,1,2016-06-02,0
94283,Trintellix,Major Depressive Disorde,10,2015-02-01,60
79541,Plan B One-Step,Emergency Contraception,9,2013-09-12,15
132944,Loestrin 24 Fe,8</span> users found this comment helpful.,8,2013-03-22,8
163574,Mirtazapine,Anxiety,10,2015-02-06,44
218439,Amoxicillin / clavulanate,Bronchitis,8,2011-11-12,20
87430,Naproxen,Pain,10,2017-04-11,9
161034,Risperidone,Anxiety,9,2014-12-25,75
231487,Trazodone,Insomnia,9,2016-05-26,45
107804,Implanon,Birth Control,10,2009-07-21,15
153440,Doxycycline,Acne,10,2013-08-23,19
113734,Acetaminophen / butalbital / caffeine,Headache,10,2014-09-06,61
147422,Alprazolam,Anxiety,10,2011-05-20,11
108185,Ethinyl estradiol / norelgestromin,Birth Control,10,2015-04-26,8
219882,Amitriptyline,Pain,9,2016-10-19,45
43133,Sronyx,Birth Control,10,2015-03-23,12
38667,Liletta,Birth Control,7,2016-09-20,6
90704,Chateal,Birth Control,10,2016-05-16,6
209879,VESIcare,Overactive Bladde,7,2016-09-11,36
117857,Simponi,Rheumatoid Arthritis,8,2010-08-24,91
188244,ParaGard,Birth Control,1,2017-09-15,6
112454,Flagyl ER,Bacterial Vaginitis,1,2009-11-25,42
108341,Bupropion / naltrexone,Obesity,9,2015-06-07,38
153687,Doxycycline,Acne,1,2009-11-21,15
160239,Rivaroxaban,Prevention of Thromboembolism in Atrial Fibrillation,5,2015-09-10,15
37117,Vyvanse,ADHD,1,2017-03-19,14
209686,Lupron Depot,Endometriosis,1,2016-09-18,11
206405,Mesalamine,Lymphocytic Colitis,8,2011-02-04,23
218383,Amoxicillin / clavulanate,Sinusitis,10,2013-02-11,62
186114,Desvenlafaxine,Major Depressive Disorde,8,2015-01-09,19
81817,Liraglutide,Weight Loss,8,2017-03-20,42
173675,Brexpiprazole,Depression,7,2016-07-20,35
21749,Guaifenesin / pseudoephedrine,Cough and Nasal Congestion,1,2017-02-01,1
56968,Ranitidine,Gastric Ulcer Maintenance Treatment,3,2013-01-14,17
161745,Remeron,Insomnia,10,2012-06-16,110
172049,Amitiza,"Constipation, Chronic",1,2012-03-24,29
120515,Dapagliflozin,"Diabetes, Type 2",9,2016-01-27,23
19963,Macrobid,Urinary Tract Infection,8,2017-06-10,13
149476,Mirena,Birth Control,6,2013-08-25,18
80362,Aleve,Sciatica,1,2015-12-08,7
2802,Belbuca,Chronic Pain,1,2017-04-21,15
218609,Tri-Sprintec,Birth Control,1,2016-08-01,4
192980,Drospirenone / ethinyl estradiol,Acne,10,2009-04-22,56
111324,Ledipasvir / sofosbuvir,Hepatitis C,8,2016-05-28,29
205768,Pristiq,Depression,10,2010-08-21,46
218102,Amoxicillin / clavulanate,Sinusitis,1,2017-05-07,22
8665,Zolpidem,Insomnia,8,2009-10-14,19
134143,Prednisone,Allergic Reactions,4,2016-10-31,9
34225,Tramadol,Not Listed / Othe,10,2009-02-06,9
157530,Accutane,Acne,9,2017-03-18,10
15691,Ethinyl estradiol / norethindrone,Menstrual Disorders,10,2016-10-26,0
42234,Atenolol,Anxiety,8,2017-08-17,6
203210,Blisovi 24 Fe,Birth Control,2,2017-04-09,6
218837,Depakote,Epilepsy,3,2016-11-23,8
158216,Ziprasidone,Bipolar Disorde,10,2015-02-01,3
129080,Levonorgestrel,Birth Control,6,2015-11-07,7
182985,Cymbalta,ibromyalgia,1,2015-05-23,75
34480,Marezine,Motion Sickness,10,2013-02-22,21
112481,Trihexyphenidyl,Parkinson's Disease,2,2013-10-28,12
216659,Advair Diskus,"Asthma, Maintenance",10,2016-04-08,9
222900,Topamax,Bulimia,8,2010-06-26,23
6700,Paxil CR,Social Anxiety Disorde,9,2016-08-14,9
217664,Strattera,ADHD,1,2016-04-14,30
91449,Anastrozole,Breast Cance,6,2015-08-05,45
204728,Acetaminophen / propoxyphene,Pain,4,2009-06-23,13
210071,Linzess,Irritable Bowel Syndrome,9,2017-05-20,23
112939,Bisacodyl,Constipation,10,2016-12-07,0
215819,Copper,Birth Control,9,2016-09-01,1
17965,Ethinyl estradiol / etonogestrel,Birth Control,4,2012-10-31,3
190593,Oxybutynin,Hyperhidrosis,9,2016-07-04,11
9339,Lo Loestrin Fe,Birth Control,9,2017-01-16,10
206041,Interferon beta-1a,Multiple Sclerosis,1,2016-12-09,3
171529,Wellbutrin,Depression,1,2013-04-12,93
225891,Bupropion,Depression,7,2010-05-27,48
141394,Escitalopram,Depression,8,2014-08-25,77
142888,Etonogestrel,Birth Control,6,2017-09-12,0
134226,Prednisone,Inflammatory Conditions,9,2015-06-10,20
164948,Phentermine / topiramate,Obesity,8,2016-01-01,7
200019,Varenicline,Smoking Cessation,10,2015-11-14,24
70914,Magnesium citrate,Constipation,9,2014-12-18,38
163346,Acetaminophen / dichloralphenazone / isometheptene mucate,Headache,10,2015-04-16,12
170179,Quetiapine,Bipolar Disorde,1,2016-12-27,18
70720,Abacavir / dolutegravir / lamivudine,HIV Infection,10,2016-04-13,19
45535,Fluoxetine,Anxiety and Stress,9,2014-05-27,69
20503,Vimpat,Seizures,1,2013-08-24,37
71595,Tramadol,Back Pain,9,2017-07-14,10
42237,Atenolol,Mitral Valve Prolapse,10,2017-05-26,6
149215,Mirena,Birth Control,10,2015-05-04,38
21394,Benzoyl peroxide / erythromycin,Acne,10,2017-02-26,10
69978,Efavirenz / emtricitabine / tenofovir,HIV Infection,10,2013-09-06,15
36137,Coreg,Left Ventricular Dysfunction,10,2010-09-25,43
171316,Wellbutrin,Major Depressive Disorde,1,2017-07-30,14
5022,Belviq,Weight Loss,10,2014-04-20,131
147061,Alprazolam,Anxiety,10,2015-04-01,11
31137,Miconazole,Vaginal Yeast Infection,5,2016-11-26,5
89727,Celexa,Panic Disorde,10,2009-11-30,63
132877,Loestrin 24 Fe,Acne,1,2016-12-05,4
91445,Anastrozole,Breast Cance,1,2015-09-20,140
51094,Azithromycin,Otitis Media,8,2016-08-02,8
73047,Ethinyl estradiol / norethindrone,Birth Control,2,2015-04-27,12
160467,Buspirone,Panic Disorde,1,2016-01-29,4
44783,Nasacort,Allergic Rhinitis,1,2015-08-29,23
116351,Adalimumab,Psoriatic Arthritis,9,2014-03-07,30
180709,Adderall XR,ADHD,10,2008-07-03,40
99227,Doxylamine,Insomnia,10,2016-07-06,28
4076,Seroquel XR,Depression,10,2011-06-02,111
89064,Singulair,Asthma,5,2010-10-13,46
120232,Abilify Discmelt,Depression,9,2011-05-27,3
179882,Adapalene / benzoyl peroxide,Acne,9,2015-04-05,9
45725,Fluoxetine,Panic Disorde,10,2012-02-24,13
173000,Clonazepam,Anxiety,5,2012-08-23,4
43604,Hydromorphone,Not Listed / Othe,10,2008-08-05,1
218370,Amoxicillin / clavulanate,Sinusitis,10,2013-10-20,80
192638,Drospirenone / ethinyl estradiol,Birth Control,7,2012-01-06,1
96365,Sertraline,Post Traumatic Stress Disorde,8,2010-03-09,49
15684,Ethinyl estradiol / norethindrone,Birth Control,2,2016-10-30,18
165187,Phentermine / topiramate,Obesity,10,2014-02-16,74
17010,Phillips' Milk of Magnesia,Constipation,10,2015-09-02,48
10767,Spironolactone,Acne,10,2008-06-19,31
231782,Trazodone,Anxiety,8,2013-09-10,89
145265,Etonogestrel,Birth Control,2,2015-09-29,7
207932,Suprep Bowel Prep Kit,Bowel Preparation,4,2014-11-23,10
185219,Harvoni,Hepatitis C,10,2015-08-13,35
78603,Daytrana,ADHD,9,2010-03-26,28
107682,Implanon,Birth Control,10,2010-05-26,7
34340,Bystolic,High Blood Pressure,9,2013-05-28,81
199645,Varenicline,Smoking Cessation,1,2017-08-23,10
177352,Duloxetine,Depression,1,2017-01-11,24
197577,Paroxetine,Depression,10,2008-03-13,113
179753,Adapalene / benzoyl peroxide,Acne,9,2016-02-03,10
21293,Sunitinib,Renal Cell Carcinoma,3,2016-07-26,7
77513,Cephalexin,Bacterial Infection,10,2017-04-14,12
196145,Fluvoxamine,Anxiety and Stress,1,2016-07-18,8
146658,Tamsulosin,Benign Prostatic Hyperplasia,8,2011-06-25,84
111145,Verapamil,Migraine Prevention,2,2009-02-14,36
129066,Levonorgestrel,Emergency Contraception,10,2015-11-11,8
96648,Neurontin,Pain,9,2010-08-07,51
201568,Zoloft,Depression,8,2014-04-18,213
72071,Tramadol,Anxiety,10,2015-04-08,117
162038,Camila,Birth Control,8,2017-08-10,3
46283,Modafinil,Obstructive Sleep Apnea/Hypopnea Syndrome,10,2016-04-04,14
71809,Tramadol,Pain,10,2016-08-29,25
74163,Ethinyl estradiol / norethindrone,Endometriosis,1,2011-10-25,0
176714,Lorazepam,Insomnia,10,2008-12-30,141
103283,Celecoxib,Pain,9,2016-06-15,50
217212,Clarithromycin,Pertussis,6,2017-08-23,0
156624,Dulaglutide,"Diabetes, Type 2",8,2017-01-27,16
204925,Toradol,Pain,1,2017-02-20,8
58507,Jolivette,Birth Control,10,2015-11-10,16
212526,Lysine,Herpes Simplex,10,2016-01-08,10
194588,Lac-Hydrin,Dry Skin,10,2015-12-27,11
119399,Testosterone,"Hypogonadism, Male",1,2013-12-10,29
166282,Levonorgestrel,Birth Control,10,2016-12-03,5
103777,Ethinyl estradiol / levonorgestrel,Birth Control,10,2015-04-19,6
229359,Lurasidone,Bipolar Disorde,9,2017-05-03,23
79785,Xarelto,Pulmonary Embolism,10,2016-05-31,17
226638,Etonogestrel,Birth Control,9,2015-05-02,0
106203,Oxymetazoline,Nasal Congestion,10,2017-09-26,3
145438,Zithromax,Tonsillitis/Pharyngitis,3,2009-06-27,36
206005,Pristiq,Anxiety,10,2009-03-07,55
53767,Sine-Off Maximum Strength,Sinus Symptoms,10,2012-01-28,1
169301,Acetazolamide,Glaucoma,6,2011-03-22,30
97793,Nexplanon,Birth Control,10,2015-11-07,2
106857,Implanon,Birth Control,9,2015-02-15,27
155938,Cialis,Erectile Dysfunction,10,2014-09-29,99
203275,Blisovi 24 Fe,Birth Control,1,2016-12-02,12
28074,Lexapro,Anxiety,9,2015-12-16,33
221177,Drysol,Hyperhidrosis,9,2013-10-20,3
211567,Tanzeum,"Diabetes, Type 2",10,2017-08-18,0
111709,Cipro,Urinary Tract Infection,3,2009-09-07,37
167609,Levonorgestrel,Birth Control,6,2016-02-03,1
78367,Lyza,Birth Control,5,2015-08-18,6
189286,Oxycodone,Pain,9,2015-11-18,46
102475,Aripiprazole,Schizoaffective Disorde,1,2017-02-21,4
46259,Modafinil,Chronic Fatigue Syndrome,5,2017-04-04,5
85954,Ethinyl estradiol / norgestimate,Birth Control,9,2013-05-22,5
127903,Phentermine,Weight Loss,10,2016-11-02,3
59178,Estring,Atrophic Vaginitis,1,2016-06-16,6
5729,Claritin-D,Nasal Congestion,9,2016-04-26,14
220189,Amitriptyline,Pain,10,2015-05-08,54
225517,Bupropion,Depression,4,2014-07-31,23
216854,Lifitegrast,Dry Eye Disease,10,2017-08-12,11
120009,Losartan,High Blood Pressure,1,2011-02-13,146
103720,Kapidex,GERD,10,2009-06-08,13
44543,Ethinyl estradiol / norgestimate,Birth Control,9,2009-04-23,24
19330,Pregabalin,ibromyalgia,9,2015-12-27,9
166284,Levonorgestrel,Birth Control,8,2016-12-02,31
165541,Levonorgestrel,Birth Control,10,2017-05-13,2
187901,Etonogestrel,Birth Control,8,2017-11-27,0
95221,Guanfacine,ADHD,2,2012-01-24,39
169278,Diprivan,Anesthesia,10,2014-01-29,13
90706,Chateal,Birth Control,2,2016-05-15,3
68763,Medroxyprogesterone,Birth Control,10,2016-11-10,2
39920,Contrave,Obesity,1,2015-08-26,5
55879,Effexor,Depression,9,2011-09-03,24
158974,TriNessa,Birth Control,3,2016-08-06,15
132868,Loestrin 24 Fe,Birth Control,2,2017-01-12,0
68474,Medroxyprogesterone,Abnormal Uterine Bleeding,7,2017-10-31,0
147005,Alprazolam,Anxiety,10,2015-10-07,46
135415,Tamiflu,Influenza,3,2016-04-05,4
89911,Risperdal,Bipolar Disorde,3,2012-04-18,35
136794,Sodium hyaluronate,Osteoarthritis,6,2010-07-14,102
56586,Elavil,Depression,10,2014-11-04,82
118615,Milk of Magnesia,Constipation,9,2015-05-12,14
159515,Gabapentin enacarbil,Restless Legs Syndrome,1,2015-02-21,24
80541,Zovia,Birth Control,8,2016-04-08,1
202652,Hydroxychloroquine,Systemic Lupus Erythematosus,9,2014-10-05,102
38950,Contrave,Obesity,7,2017-08-30,32
178368,Duloxetine,Depression,10,2009-07-30,86
221744,Dexlansoprazole,GERD,9,2009-04-30,6
43633,LoSeasonique,Endometriosis,9,2011-12-01,4
140911,Escitalopram,Depression,1,2016-01-04,24
214694,Escitalopram,Anxiety,10,2017-09-27,10
175848,Levaquin,Bronchitis,10,2011-12-23,65
146792,Alprazolam,Anxiety,10,2017-05-08,36
26428,Sprintec,Birth Control,1,2014-07-20,11
18822,Solifenacin,Overactive Bladde,1,2016-11-07,23
38975,Contrave,Weight Loss,10,2017-11-23,1
44973,Fluoxetine,Anxiety and Stress,9,2017-02-16,57
190971,Clorazepate,Anxiety,10,2011-08-29,63
180971,Biaxin,Sinusitis,10,2008-06-27,74
15620,Ethinyl estradiol / norethindrone,Birth Control,10,2016-11-17,8
109405,Nexplanon,Birth Control,1,2017-01-16,5
5651,Oxytrol,Overactive Bladde,4,2014-06-08,50
10578,Mononessa,Birth Control,7,2017-04-13,11
141198,Escitalopram,Depression,6,2015-04-29,26
26272,Sprintec,Abnormal Uterine Bleeding,1,2016-10-12,2
128770,Phentermine,Weight Loss,10,2015-02-22,181
24319,Uloric,Gout,10,2015-03-06,30
184223,Hydroxyzine,Anxiety,9,2016-05-29,62
228149,Etonogestrel,Birth Control,3,2010-01-29,1
47091,Thyroid desiccated,Hashimoto's disease,1,2016-06-04,18
180349,Diclofenac,Pain,10,2013-10-06,24
223976,Epinephrine,"Asthma, acute",10,2011-01-02,12
177547,Duloxetine,Generalized Anxiety Disorde,6,2015-12-09,6
116678,Lamictal,Bipolar Disorde,10,2017-05-08,20
41917,Clonidine,High Blood Pressure,5,2010-03-21,65
170481,Quetiapine,Bipolar Disorde,8,2015-07-24,28
145508,Zithromax,Sinusitis,10,2008-04-10,64
207646,Suprep Bowel Prep Kit,Bowel Preparation,8,2016-06-09,13
23639,Chlorzoxazone,Muscle Spasm,1,2016-02-15,43
14199,Myrbetriq,Urinary Incontinence,2,2016-04-17,22
46321,Modafinil,Narcolepsy,8,2015-05-05,37
79166,Plan B One-Step,Emergency Contraception,1,2016-08-12,14
54007,Minoxidil,Alopecia,2,2013-12-11,115
221627,Ziana,Acne,6,2011-07-31,4
83030,Paxil,Generalized Anxiety Disorde,10,2014-06-11,117
136766,Sodium hyaluronate,Osteoarthritis,8,2015-01-20,40
140480,Escitalopram,Generalized Anxiety Disorde,10,2017-05-08,15
142418,Levonorgestrel,Birth Control,10,2017-09-28,3
147590,Aviane,Birth Control,3,2010-09-20,4
168859,Vilazodone,Depression,10,2013-07-09,28
30520,Miconazole,Vaginal Yeast Infection,5,2017-12-10,0
62698,Citalopram,Depression,10,2009-07-23,106
130911,Levonorgestrel,Birth Control,3,2011-04-05,0
70343,Zofran,Nausea/Vomiting,10,2011-11-22,9
88573,Adderall,ADHD,10,2009-04-07,104
39500,Contrave,Weight Loss,10,2016-07-08,31
41877,Clonidine,Opiate Withdrawal,8,2016-07-28,35
68354,Plan B,Emergency Contraception,10,2011-10-01,23
150689,Sulfamethoxazole / trimethoprim,Bacterial Skin Infection,8,2015-05-24,17
206796,Duac,Acne,6,2016-01-10,15
173247,Clonazepam,Anxiety,10,2009-08-29,28
227302,Etonogestrel,Birth Control,6,2013-09-21,5
154163,Percodan,4</span> users found this comment helpful.,8,2008-12-23,4
24557,Polyethylene glycol 3350 with electrolytes,Bowel Preparation,3,2015-05-25,3
133765,Bactrim DS,Urinary Tract Infection,10,2011-08-05,121
25943,Lamisil,"Onychomycosis, Toenail",10,2015-08-05,50
128943,Levonorgestrel,Emergency Contraception,5,2015-12-08,2
58277,Ciprofloxacin / dexamethasone,Otitis Media,10,2009-02-17,28
211626,Lamotrigine,Bipolar Disorde,9,2017-09-13,0
189864,Jardiance,"Diabetes, Type 2",10,2016-10-19,42
124195,Skyla,Birth Control,9,2016-03-29,5
50518,Gabapentin,Anxiety,8,2012-02-09,148
1989,Polyethylene glycol 3350,Constipation,3,2009-10-20,43
35127,Levofloxacin,Sinusitis,1,2016-05-12,25
62126,Citalopram,Depression,1,2014-07-26,12
102427,Aripiprazole,Depression,1,2016-07-18,23
176835,Adalimumab,Rheumatoid Arthritis,6,2017-03-31,14
51506,Azithromycin,Bronchitis,1,2009-02-02,9
187527,Monistat 3-Day Combination Pack,Vaginal Yeast Infection,1,2016-06-16,12
173506,Clonazepam,Anxiety,9,2009-01-10,52
124925,Allopurinol,Gout,10,2016-12-02,22
149344,Mirena,Birth Control,10,2014-12-02,21
152033,Chantix,Smoking Cessation,7,2010-07-13,7
193261,Cyclobenzaprine,Muscle Spasm,1,2016-10-15,5
155698,Metronidazole,Bacterial Vaginitis,8,2009-12-09,18
190712,Oxybutynin,Overactive Bladde,2,2013-10-30,58
21894,Guaifenesin / pseudoephedrine,Not Listed / Othe,9,2008-03-05,1
120658,Dicyclomine,Irritable Bowel Syndrome,1,2015-06-26,75
182320,Mirena,Birth Control,2,2010-11-15,11
210535,Norpramin,Depression,10,2016-11-15,11
141427,Escitalopram,Generalized Anxiety Disorde,10,2014-01-26,141
49293,Ethinyl estradiol / levonorgestrel,Birth Control,1,2016-04-04,6
136846,Sodium hyaluronate,Osteoarthritis,8,2012-09-29,81
75062,Nitrofurantoin,Bladder Infection,9,2009-08-05,9
195779,Valtrex,"Herpes Simplex, Suppression",10,2009-09-14,42
186637,Lisdexamfetamine,ADHD,8,2008-09-15,37
135487,Tamiflu,Influenza,3,2014-01-03,24
32224,Wellbutrin XL,Depression,7,2010-04-03,8
136695,Sodium hyaluronate,Osteoarthritis,10,2016-08-18,31
144745,Etonogestrel,Birth Control,1,2016-02-02,0
82526,Hysingla ER,Pain,1,2015-12-14,59
200729,Varenicline,Smoking Cessation,10,2009-08-25,20
5712,Cevimeline,Sjogren's Syndrome,1,2014-07-29,9
215159,Lubiprostone,"Constipation, Chronic",2,2016-07-11,18
176305,Lorazepam,Anxiety,10,2016-02-25,62
178041,Duloxetine,Bipolar Disorde,5,2011-11-14,24
11316,Mycophenolate mofetil,Myasthenia Gravis,5,2009-03-21,23
187560,Naprosyn,Pain,6,2012-11-01,12
46645,Gardasil,Human Papillomavirus Prophylaxis,10,2015-10-08,7
169103,Vilazodone,Depression,10,2012-08-15,16
226878,Etonogestrel,Birth Control,7,2014-12-16,5
72489,Tramadol,Pain,6,2011-05-26,5
190428,Ortho Tri-Cyclen Lo,Abnormal Uterine Bleeding,9,2011-04-18,9
84988,Ethinyl estradiol / norgestimate,Birth Control,4,2016-01-28,4
4746,Belviq,Obesity,10,2015-03-24,27
132535,Doxepin,Insomnia,9,2016-04-17,25
157618,Pyrantel,Pinworm Infection (Enterobius vermicularis),7,2013-11-21,10
209119,Mucinex D Maximum Strength,Cough and Nasal Congestion,8,2017-02-01,0
72569,Tramadol,Pain,5,2010-01-21,63
193716,Fioricet with Codeine,Headache,10,2015-08-27,15
191613,Lisdexamfetamine,ADHD,9,2013-01-31,80
131094,Levonorgestrel,Birth Control,2,2009-08-15,13
216535,Sildenafil,"Sexual Dysfunction, SSRI Induced",9,2014-09-01,78
183391,Cymbalta,Depression,10,2011-12-18,17
227659,Etonogestrel,Birth Control,9,2012-03-26,0
206082,Interferon beta-1a,Multiple Sclerosis,8,2008-09-05,25
22208,Baclofen,Muscle Spasm,1,2015-10-20,48
186882,Banzel,Lennox-Gastaut Syndrome,10,2012-02-10,16
26170,Sprintec,Birth Control,7,2017-01-08,4
61056,Tri-Lo-Estarylla,Birth Control,2,2016-04-04,2
197247,Paroxetine,Depression,7,2013-07-23,20
163801,Mirtazapine,Depression,9,2011-08-09,12
227446,Etonogestrel,Birth Control,8,2013-05-09,2
158847,Methylphenidate,ADHD,9,2009-04-13,40
25056,Hylan g-f 20,Osteoarthritis,10,2017-09-08,3
57018,Ranitidine,GERD,2,2009-09-01,11
163189,Dovonex,Psoriasis,9,2011-04-28,28
25475,Finasteride,Androgenetic Alopecia,8,2011-01-19,45
16766,Yaz,Premenstrual Dysphoric Disorde,10,2009-02-04,12
226153,Remicade,Rheumatoid Arthritis,10,2015-03-24,30
85856,Ethinyl estradiol / norgestimate,Birth Control,10,2013-07-29,21
99056,Lutera,Birth Control,6,2014-12-23,11
138683,Phentermine,Weight Loss,10,2011-12-04,5
178592,Victoza,"Diabetes, Type 2",8,2017-05-26,17
51304,Azithromycin,Chlamydia Infection,8,2015-05-07,2
227163,Etonogestrel,Birth Control,10,2014-04-02,6
156543,Dulaglutide,"Diabetes, Type 2",8,2017-10-24,3
76181,Travoprost,Intraocular Hypertension,10,2014-06-05,23
195244,Hydrocodone / ibuprofen,Pain,10,2009-04-14,28
202038,Benzoyl peroxide / clindamycin,Acne,10,2016-07-10,7
160238,Rivaroxaban,Deep Vein Thrombosis,5,2015-10-01,29
16844,Copaxone,Multiple Sclerosis,10,2013-11-14,135
122741,Linaclotide,Irritable Bowel Syndrome,9,2014-07-10,58
178424,Duloxetine,Depression,10,2008-10-28,71
164347,Diclofenac,Osteoarthritis,10,2016-06-25,26
195548,Aviane,Abnormal Uterine Bleeding,10,2012-03-01,6
155859,Metronidazole,Bacterial Vaginitis,4,2009-05-09,23
116792,Lamictal,Bipolar Disorde,9,2015-09-06,44
114558,Pimecrolimus,Atopic Dermatitis,10,2015-06-13,15
138794,Phentermine,Weight Loss,9,2011-02-12,18
132037,Effexor XR,Anxiety,9,2008-03-21,80
93837,Morphine,Pain,8,2008-07-09,12
165195,Phentermine / topiramate,Weight Loss,8,2013-12-07,121
207772,Suprep Bowel Prep Kit,Bowel Preparation,7,2015-11-15,9
123456,Cosopt,"Glaucoma, Open Angle",1,2017-10-11,1
198454,Exenatide,"Diabetes, Type 2",9,2012-07-17,35
196372,Eszopiclone,Insomnia,2,2016-08-11,33
217660,Strattera,ADHD,1,2016-05-23,11
132879,Loestrin 24 Fe,Abnormal Uterine Bleeding,4,2016-12-04,11
92692,Ondansetron,Nausea/Vomiting,10,2009-09-23,15
215773,Copper,Birth Control,10,2016-12-04,8
21148,Paliperidone,Schizophrenia,6,2016-11-09,18
3388,Nitrofurantoin,Urinary Tract Infection,1,2016-01-19,7
213366,Nuvigil,Hypersomnia,10,2010-09-13,16
138120,Ortho Evra,Birth Control,1,2013-02-13,10
36823,Chondroitin / glucosamine,Osteoarthritis,1,2015-12-19,7
35693,Buprenorphine / naloxone,Opiate Dependence,8,2016-12-02,34
55100,Bupropion / naltrexone,Obesity,10,2016-04-22,64
220103,Amitriptyline,Insomnia,8,2015-09-28,59
210322,Linzess,"Constipation, Chronic",1,2015-07-06,22
226611,Etonogestrel,Birth Control,10,2015-06-15,9
118973,Zoloft,Anxiety and Stress,10,2010-07-29,22
59031,Morphine,Chronic Pain,8,2016-09-24,6
73644,Ethinyl estradiol / norethindrone,,8,2013-03-22,8
223962,Levonorgestrel,Birth Control,7,2016-12-03,9
68868,Medroxyprogesterone,,10,2016-08-02,4
197162,Paroxetine,Anxiety,10,2014-09-03,4
142821,Levonorgestrel,Birth Control,3,2017-07-06,5
39153,Contrave,Obesity,8,2017-05-09,18
198291,Exenatide,"Diabetes, Type 2",10,2017-02-09,14
18780,Cyred,Birth Control,1,2017-09-02,2
53343,Edarbyclor,High Blood Pressure,7,2013-03-08,40
50859,Azithromycin,Chlamydia Infection,7,2017-06-23,4
112155,Gabapentin,Bipolar Disorde,10,2017-02-28,33
114351,Tacrolimus,Atopic Dermatitis,3,2017-01-19,0
153047,Doxycycline,Acne,5,2016-08-15,5
209463,Taltz,Plaque Psoriasis,10,2017-06-19,9
180294,Diclofenac,Pain,10,2016-07-12,47
36446,Bismuth subcitrate potassium / metronidazole / tetracycline,Helicobacter Pylori Infection,10,2014-05-20,64
153404,Doxycycline,Acne,8,2014-01-23,8
77453,Prolia,Osteoporosis,9,2015-06-12,121
154878,Metronidazole,Bacterial Vaginitis,10,2017-01-03,3
161306,Ortho Tri-Cyclen,Birth Control,10,2016-07-15,11
126413,Carvedilol,Heart Failure,10,2012-08-31,29
194063,Stribild,HIV Infection,9,2014-11-13,26
103632,Synthroid,"Hypothyroidism, After Thyroid Removal",5,2011-07-06,33
82582,Liraglutide,"Diabetes, Type 2",7,2011-05-10,9
42457,Concerta,ADHD,8,2016-10-27,25
119403,Testosterone,"Hypogonadism, Male",9,2013-11-26,9
55628,Effexor,Major Depressive Disorde,8,2017-06-21,3
41549,Clonidine,Perimenopausal Symptoms,1,2017-03-14,6
80131,Benzonatate,Cough,1,2016-12-08,5
141691,Escitalopram,ibromyalgia,9,2012-11-28,16
54971,Bupropion / naltrexone,Obesity,3,2016-10-05,19
136496,TobraDex,"Conjunctivitis, Bacterial",7,2008-06-17,51
103267,Celecoxib,Osteoarthritis,1,2016-11-26,24
4446,Belviq,Weight Loss,10,2017-01-14,66
212190,Lamotrigine,Bipolar Disorde,10,2012-10-08,57
128554,Phentermine,Obesity,9,2015-07-03,24
81975,Liraglutide,Weight Loss,10,2016-08-08,13
229275,Eyebright,Nasal Congestion,10,2013-05-04,7
170896,Quetiapine,Bipolar Disorde,10,2011-08-31,19
143542,Etonogestrel,Birth Control,2,2017-01-09,9
125623,Flagyl,Bacterial Infection,9,2016-02-13,28
216425,Sildenafil,Erectile Dysfunction,8,2015-12-30,34
27611,Ivermectin,Head Lice,10,2015-11-25,13
57050,MiraLax,Constipation,10,2017-03-20,58
124913,Allopurinol,Gout,10,2017-06-30,12
167256,Levonorgestrel,Emergency Contraception,10,2016-05-11,1
3442,Nitrofurantoin,Urinary Tract Infection,9,2015-06-04,20
50283,Gabapentin,Pain,8,2014-05-18,127
29919,Klonopin,Panic Disorde,10,2017-09-26,13
139160,Phentermine,Weight Loss,8,2009-04-02,49
190883,Tessalon Perles,Cough,4,2017-01-05,16
193066,Drospirenone / ethinyl estradiol,Premenstrual Dysphoric Disorde,9,2008-12-30,0
109787,Nexplanon,Birth Control,6,2016-07-07,3
146225,Suboxone,Opiate Dependence,10,2010-08-30,13
13740,Amphetamine / dextroamphetamine,ADHD,9,2008-04-21,141
77982,Retin-A,Acne,6,2015-04-24,25
16105,Ethinyl estradiol / norethindrone,Birth Control,10,2016-05-16,13
54155,Naloxegol,Opioid-Induced Constipation,3,2017-10-19,1
210753,Mirtazapine,Major Depressive Disorde,10,2016-10-21,40
128377,Phentermine,Weight Loss,1,2015-11-03,7
84581,Ethinyl estradiol / norgestimate,Birth Control,10,2016-08-23,1
229014,Tadalafil,Erectile Dysfunction,10,2015-03-06,45
143180,Etonogestrel,Birth Control,10,2017-04-13,5
141086,Escitalopram,Depression,10,2015-10-21,53
229922,Flurazepam,Insomnia,9,2009-05-13,17
55974,Effexor,Depression,10,2009-01-02,125
82028,Liraglutide,Weight Loss,9,2016-06-12,3
47333,Flonase,Allergic Rhinitis,3,2016-10-08,11
131154,Levonorgestrel,Birth Control,10,2008-10-14,18
160973,Risperidone,Depression,10,2016-05-19,13
44920,Fluoxetine,Obsessive Compulsive Disorde,8,2017-10-30,1
9306,Lo Loestrin Fe,Birth Control,1,2016-12-29,2
61040,Minivelle,Postmenopausal Symptoms,9,2015-10-25,29
221759,Dexlansoprazole,GERD,10,2017-04-29,24
12396,Parnate,Depression,10,2017-06-25,9
118901,Zoloft,Post Traumatic Stress Disorde,8,2011-10-09,46
164877,Phentermine / topiramate,Weight Loss,1,2016-07-10,14
143140,Etonogestrel,Birth Control,2,2017-06-19,1
139714,Etodolac,Osteoarthritis,9,2015-08-22,22
204640,BuSpar,Anxiety,6,2012-01-15,18
97763,Cyclafem 1 / 35,Birth Control,3,2017-07-02,1
54697,Bupropion / naltrexone,Weight Loss,9,2017-04-14,14
133472,Tri-Sprintec,Birth Control,1,2009-08-24,26
190924,Clorazepate,Anxiety,10,2008-04-29,77
121714,Venlafaxine,Depression,10,2014-08-02,108
156160,Cialis,Erectile Dysfunction,10,2012-06-23,40
167974,Sacubitril / valsartan,Heart Failure,8,2017-08-19,9
102953,Aripiprazole,Depression,1,2010-05-17,25
163091,ella,Emergency Contraception,8,2016-10-22,18
29187,Topiramate,Seizure Prevention,8,2016-11-23,9
68679,Medroxyprogesterone,Abnormal Uterine Bleeding,1,2017-04-10,4
155312,Metronidazole,"Crohn's Disease, Acute",10,2015-10-11,2
191475,Lisdexamfetamine,ADHD,1,2015-12-02,6
226074,Remicade,Rheumatoid Arthritis,9,2017-02-18,15
165442,Levonorgestrel,Birth Control,4,2017-06-05,5
211620,Lamotrigine,Bipolar Disorde,1,2017-10-12,0
71593,Tramadol,Pain,6,2017-07-17,8
173585,CellCept,Ulcerative Colitis,10,2009-08-04,31
48703,Ethinyl estradiol / levonorgestrel,Birth Control,7,2017-04-11,0
41410,Acetaminophen / oxycodone,Pain,10,2009-01-18,12
54373,Bupropion / naltrexone,Obesity,1,2017-11-03,2
104971,Ethinyl estradiol / levonorgestrel,Birth Control,9,2009-08-14,26
231225,Hydromet,Cough,6,2011-01-26,26
202423,Lithium,Bipolar Disorde,6,2013-06-17,64
50765,Gabapentin,ibromyalgia,4,2008-11-19,51
1433,Sumatriptan,Migraine,9,2008-06-25,9
143296,Etonogestrel,Birth Control,5,2017-04-01,6
183365,Cymbalta,ibromyalgia,5,2012-02-24,5
111295,Ledipasvir / sofosbuvir,Hepatitis C,8,2016-07-08,26
144581,Etonogestrel,Birth Control,1,2016-03-16,10
2397,Metformin,min),7,2009-12-29,104
132271,Ativan,Anxiety,10,2014-11-10,123
109207,Nexplanon,Birth Control,1,2017-03-02,7
107164,Implanon,Birth Control,10,2012-06-22,1
157454,Guaifenesin,ibromyalgia,9,2012-08-13,109
49595,Ethinyl estradiol / levonorgestrel,Abnormal Uterine Bleeding,9,2015-10-14,0
110944,Acetaminophen / butalbital / caffeine / codeine,Headache,8,2012-02-03,39
224081,Alfuzosin,Benign Prostatic Hyperplasia,5,2016-02-19,12
182862,Cymbalta,Depression,1,2016-06-08,13
73271,Ethinyl estradiol / norethindrone,Birth Control,1,2014-06-30,20
51919,Ustekinumab,Psoriasis,10,2010-10-03,36
222251,Nicorette,Smoking Cessation,10,2017-11-02,1
185502,Saxenda,Weight Loss,2,2017-05-06,8
123863,Skyla,Birth Control,6,2016-11-11,2
177153,Duloxetine,Anxiety,9,2017-10-06,10
60517,Ranexa,Angina,8,2016-01-14,17
168157,Jolessa,Endometriosis,10,2012-12-21,19
213451,Cobicistat / elvitegravir / emtricitabine / tenofovir,HIV Infection,10,2013-11-06,25
56672,Elavil,Pain,10,2010-05-21,308
37809,Reclipsen,Birth Control,1,2017-06-28,2
164560,Diclofenac,Period Pain,9,2011-10-08,10
51435,Cyclogyl,Uveitis,4,2009-12-21,15
41132,Acetaminophen / oxycodone,Pain,8,2011-08-06,14
68440,Doral,Insomnia,10,2011-02-15,39
148648,Mirena,Abnormal Uterine Bleeding,3,2016-11-08,2
79205,Plan B One-Step,Emergency Contraception,10,2016-06-30,6
80688,Tussionex Pennkinetic,Cold Symptoms,10,2010-12-20,5
222468,Kyleena,Birth Control,2,2017-08-16,2
190059,Stadol,Pain,10,2015-06-23,35
77058,Lorcaserin,Weight Loss,10,2014-11-02,218
51782,Aczone,Acne,10,2009-02-18,80
32883,Seasonique,Birth Control,1,2017-05-16,7
124797,Tri-Previfem,Birth Control,1,2016-05-26,10
154793,Metronidazole,"Crohn's Disease, Acute",8,2017-08-30,1
69950,Efavirenz / emtricitabine / tenofovir,HIV Infection,8,2012-05-05,9
1131,Sumatriptan,Migraine,10,2017-07-29,3
217382,Clarithromycin,Pneumonia,5,2016-03-12,12
231661,Trazodone,Insomnia,10,2015-09-19,90
57024,Ranitidine,GERD,8,2009-02-23,65
166625,Levonorgestrel,Birth Control,7,2016-09-01,1
184878,Cleocin,Bacterial Infection,10,2008-12-18,87
147604,Aviane,Birth Control,2,2009-12-15,4
20397,Metformin / sitagliptin,min / sitagliptin),1,2012-10-11,36
219886,Amitriptyline,Migraine Prevention,9,2016-10-13,8
187419,Monistat 3-Day Combination Pack,Vaginal Yeast Infection,4,2017-12-10,0
203939,Suvorexant,Insomnia,8,2016-01-17,17
69102,Medroxyprogesterone,Birth Control,7,2016-01-22,4
195836,Levomilnacipran,Major Depressive Disorde,9,2017-02-08,25
13560,Amphetamine / dextroamphetamine,ADHD,10,2012-03-14,58
112732,Exforge,High Blood Pressure,8,2009-12-28,32
197909,Metoprolol,High Blood Pressure,6,2016-07-20,28
137868,Enbrel,Psoriatic Arthritis,9,2009-12-15,13
85177,Ethinyl estradiol / norgestimate,Birth Control,1,2015-09-09,10
196508,Eszopiclone,Insomnia,3,2010-07-23,0
197426,Paroxetine,Anxiety and Stress,9,2011-01-23,3
120527,Dapagliflozin,"Diabetes, Type 2",10,2015-08-10,22
89026,Singulair,Allergic Rhinitis,4,2013-06-29,46
88055,Clindamycin,Bacterial Infection,7,2015-06-02,40
220690,Loestrin 24 Fe,Birth Control,1,2010-11-12,4
124296,Skyla,Birth Control,8,2016-03-01,1
41119,Acetaminophen / oxycodone,Pain,9,2011-10-31,27
181849,Jentadueto,"Diabetes, Type 2",9,2012-04-19,3
50510,Gabapentin,Diabetic Peripheral Neuropathy,8,2012-02-28,24
55697,Effexor,Depression,9,2016-04-19,37
215310,Lubiprostone,"Constipation, Chronic",9,2013-04-03,60
134525,Lidoderm,Pain,10,2012-11-28,58
39261,Contrave,Weight Loss,1,2017-03-20,11
173127,Clonazepam,Anxiety,8,2011-12-27,10
56430,Humira,Rheumatoid Arthritis,9,2014-02-08,117
231806,Trazodone,Insomnia,5,2013-12-08,43
107365,Implanon,Birth Control,10,2011-11-02,0
161963,Ciprofloxacin,Kidney Infections,9,2017-01-31,18
40910,Acetaminophen / oxycodone,Pain,10,2016-11-25,15
17173,Flexeril,Muscle Spasm,8,2010-05-06,109
116236,Adalimumab,Rheumatoid Arthritis,1,2016-07-25,20
28995,Lexapro,Anxiety,9,2008-08-05,54
106173,Oxymetazoline,Nasal Congestion,10,2008-08-13,4
212417,Trospium,Urinary Incontinence,10,2014-06-09,38
17647,Ethinyl estradiol / etonogestrel,Birth Control,10,2016-01-27,3
93111,Vortioxetine,Major Depressive Disorde,1,2016-04-15,35
178196,Duloxetine,Depression,5,2011-02-08,8
74575,Ethinyl estradiol / norethindrone,Birth Control,10,2008-05-27,40
86909,Latuda,Schizophrenia,1,2017-09-11,3
118507,Fetzima,Depression,1,2015-07-08,41
33067,Seasonique,Birth Control,3,2010-09-14,65
2256,Metformin,"Diabetes, Type 2",7,2013-07-12,26
178062,Duloxetine,Depression,8,2012-01-26,13
205253,Acetaminophen / aspirin / caffeine,Migraine,10,2015-10-15,11
184614,Methylin,ADHD,10,2011-02-19,8
30593,Chlorpheniramine,Allergic Reactions,10,2008-09-07,6
199298,Depo-Provera,Abnormal Uterine Bleeding,1,2015-09-07,17
170289,Quetiapine,Borderline Personality Disorde,9,2016-05-09,23
143461,Etonogestrel,Birth Control,8,2017-01-20,2
175594,Augmentin,Sinusitis,10,2013-10-20,80
205897,Pristiq,Anxiety,9,2009-11-10,43
100278,Desogestrel / ethinyl estradiol,Birth Control,3,2015-05-11,1
29949,Klonopin,Anxiety,1,2017-03-16,43
28268,Lexapro,Depression,10,2015-02-25,26
191256,Lisdexamfetamine,ADHD,9,2017-04-11,13
116560,Desquam-X Wash,Acne,10,2011-12-30,34
48492,Ethinyl estradiol / levonorgestrel,Birth Control,9,2017-08-20,4
97028,Ambien,Insomnia,10,2014-06-02,96
202063,Benzoyl peroxide / clindamycin,Acne,10,2017-08-12,0
125784,Viibryd,Depression,3,2017-07-02,4
192235,Drospirenone / ethinyl estradiol,Acne,10,2015-11-26,7
60083,NuvaRing,Birth Control,1,2013-10-26,10
162699,Terconazole,Vaginal Yeast Infection,9,2009-07-29,25
183633,Cymbalta,Anxiety,8,2009-11-30,21
210938,Mirtazapine,Obsessive Compulsive Disorde,3,2016-02-21,6
53448,Demerol,Pain,10,2009-01-21,18
156211,Cialis,Erectile Dysfunction,10,2008-07-23,226
145,Medroxyprogesterone,Endometriosis,1,2015-11-30,0
171625,Wellbutrin,Anxiety,5,2011-08-11,39
74812,Keppra,Epilepsy,2,2016-08-07,11
158765,Methylphenidate,ADHD,10,2008-11-29,47
30745,Miconazole,Vaginal Yeast Infection,1,2017-08-09,8
114449,Hydrea,"Anemia, Sickle Cell",9,2009-12-14,29
162553,Rifaximin,Diarrhea,9,2012-10-01,33
151314,Chantix,Smoking Cessation,10,2017-08-15,4
32600,Lisinopril,High Blood Pressure,3,2009-11-16,96
11376,Glimepiride,"Diabetes, Type 2",7,2012-03-25,64
197155,Paroxetine,Depression,9,2014-10-26,116
17963,Ethinyl estradiol / etonogestrel,Birth Control,9,2012-11-08,4
23088,Apremilast,Plaque Psoriasis,2,2015-07-01,43
198566,Ansaid,Period Pain,8,2013-07-10,2
186972,Famciclovir,Cold Sores,10,2014-12-22,23
153578,Velivet,Birth Control,4,2012-09-16,5
75088,Estradiol / norethindrone,Postmenopausal Symptoms,1,2016-10-16,0
134887,Pazopanib,Renal Cell Carcinoma,9,2017-04-29,15
50657,Gabapentin,Pain,9,2011-03-04,26
103523,Synthroid,Underactive Thyroid,9,2008-12-30,184
141590,Escitalopram,Anxiety,10,2013-03-29,72
200259,Varenicline,Smoking Cessation,10,2014-09-13,55
86161,Magnesium sulfate / potassium sulfate / sodium sulfate,Bowel Preparation,5,2015-04-07,12
159764,Bactrim,Urinary Tract Infection,1,2016-12-12,11
92685,Ondansetron,Nausea/Vomiting,3,2010-01-13,7
164453,Diclofenac,Osteoarthritis,10,2015-01-03,26
75672,L-methylfolate,Depression,8,2011-11-17,78
94108,Trintellix,Depression,1,2016-01-01,20
156683,Dulaglutide,"Diabetes, Type 2",5,2016-09-21,14
9393,Lo Loestrin Fe,Birth Control,10,2016-10-22,7
41869,Clonidine,Perimenopausal Symptoms,9,2016-08-25,35
56848,Meclizine,Vertig,10,2009-08-08,121
193143,Dextroamphetamine,ADHD,9,2012-02-28,17
36636,Fentanyl,Pain,6,2011-11-26,10
170305,Quetiapine,Bipolar Disorde,9,2016-07-15,35
139639,Luvox,Anxiety and Stress,1,2017-06-26,6
73998,Ethinyl estradiol / norethindrone,Birth Control,6,2011-11-26,11
119631,Testosterone,"Hypogonadism, Male",2,2009-11-15,60
65917,Propranolol,Anxiety,9,2016-04-26,30
22479,Pramoxine,Hemorrhoids,10,2016-05-15,6
228858,Tadalafil,Erectile Dysfunction,10,2017-03-18,33
220215,Amitriptyline,Pain,7,2015-03-06,50
181013,Lithobid,Bipolar Disorde,9,2009-08-14,19
42261,Dexilant,GERD,7,2011-08-23,32
94576,Abilify,Bipolar Disorde,1,2016-08-15,4
144591,Etonogestrel,Birth Control,8,2016-03-14,2
136447,Prazosin,Post Traumatic Stress Disorde,10,2014-01-30,80
151415,Chantix,Smoking Cessation,8,2016-07-04,31
225283,Bupropion,Bipolar Disorde,10,2015-06-24,10
121760,Venlafaxine,Irritable Bowel Syndrome,7,2014-05-24,4
165705,Levonorgestrel,Emergency Contraception,10,2017-04-12,1
110514,Nexplanon,Birth Control,10,2015-12-28,9
25481,Finasteride,Benign Prostatic Hyperplasia,3,2009-02-15,70
45123,Fluoxetine,Depression,7,2016-08-23,7
156677,Dulaglutide,"Diabetes, Type 2",7,2016-10-04,22
214825,Zestril,High Blood Pressure,9,2012-10-24,105
176501,Lorazepam,Anxiety,8,2013-05-30,58
183541,Cymbalta,Anxiety,1,2010-08-11,20
38555,Liletta,Birth Control,7,2017-05-30,3
66294,Valacyclovir,Cold Sores,10,2016-02-04,12
53608,Alesse,Birth Control,9,2015-08-25,9
208180,Correctol,Constipation,4,2016-01-11,12
138995,Phentermine,Obesity,10,2009-08-28,42
89760,Celexa,Depression,1,2009-07-07,17
199283,Depo-Provera,Abnormal Uterine Bleeding,1,2015-09-18,19
140646,Escitalopram,Generalized Anxiety Disorde,8,2017-04-22,26
209876,VESIcare,Overactive Bladde,2,2016-11-06,22
33793,Junel Fe 1 / 20,Birth Control,9,2017-06-18,2
49446,Ethinyl estradiol / levonorgestrel,Abnormal Uterine Bleeding,1,2015-12-02,1
121083,Venlafaxine,Anxiety,10,2017-01-26,34
128096,Phentermine,Weight Loss,10,2016-07-10,39
191250,Lisdexamfetamine,Binge Eating Disorde,10,2017-05-14,41
108439,Bupropion / naltrexone,Obesity,7,2015-04-06,7
23620,Natalizumab,Multiple Sclerosis,10,2008-12-08,70
42739,Xulane,Birth Control,9,2017-01-11,8
84606,Ethinyl estradiol / norgestimate,Acne,1,2016-07-28,1
178413,Duloxetine,ibromyalgia,10,2008-12-31,112
131392,Generess Fe,Birth Control,10,2014-10-25,11
159772,Bactrim,3</span> users found this comment helpful.,4,2016-09-28,3
35293,Levofloxacin,Sinusitis,7,2012-09-21,41
123692,Skyla,Birth Control,4,2017-03-11,3
8368,Zolpidem,Insomnia,3,2014-03-18,43
211772,Lamotrigine,Bipolar Disorde,1,2017-02-15,18
15399,Ethinyl estradiol / norethindrone,Abnormal Uterine Bleeding,4,2017-03-03,2
113777,Mucinex DM,Cough,7,2014-11-05,12
45602,Fluoxetine,Obsessive Compulsive Disorde,9,2012-05-06,37
200903,Dofetilide,Arrhythmia,10,2016-04-25,26
138580,Phentermine,Weight Loss,10,2013-03-07,30
60714,MoviPrep,Bowel Preparation,10,2017-01-16,9
165340,Levonorgestrel,Birth Control,3,2017-06-26,0
75888,Temazepam,Insomnia,3,2011-11-18,14
78901,Lucentis,Macular Degeneration,9,2015-06-01,16
125190,Dulcolax,Constipation,10,2016-09-24,6
65350,Yasmin,Acne,9,2015-05-05,18
188476,ParaGard,Birth Control,3,2016-12-14,3
82083,Liraglutide,Obesity,10,2016-06-03,28
158770,Methylphenidate,ADHD,8,2008-10-20,13
111225,Ledipasvir / sofosbuvir,Hepatitis C,10,2017-06-22,34
133641,Bactrim DS,Acne,1,2017-07-15,0
211481,Mirabegron,Overactive Bladde,10,2013-03-14,99
223679,Omalizumab,Urticaria,4,2016-12-02,3
124509,Skyla,Birth Control,10,2015-06-03,7
22225,Baclofen,Migraine Prevention,10,2014-06-14,46
175305,Mucinex,ibromyalgia,9,2009-10-20,75
72564,Tramadol,Pain,9,2010-01-28,11
162724,Cefdinir,Sinusitis,10,2017-07-09,6
170472,Quetiapine,Bipolar Disorde,5,2015-08-13,14
169948,Halobetasol,Psoriasis,10,2009-01-11,7
101411,Viorele,Birth Control,9,2016-11-21,7
103264,Celecoxib,Osteoarthritis,9,2009-08-01,57
222894,Topamax,Bipolar Disorde,9,2012-02-12,127
163677,Mirtazapine,Anxiety,9,2014-01-20,135
208057,Suprep Bowel Prep Kit,Bowel Preparation,10,2013-10-28,42
188736,ParaGard,Birth Control,10,2015-05-24,11
42182,Dexilant,GERD,10,2015-06-26,33
65621,Propranolol,Migraine Prevention,1,2017-02-06,5
118368,Naltrexone,Alcohol Dependence,10,2012-11-25,91
71651,Tramadol,Depression,10,2017-08-27,26
30826,Miconazole,Vaginal Yeast Infection,1,2017-06-20,8
133307,Tri-Sprintec,Acne,9,2011-09-28,11
176939,Adalimumab,Hidradenitis Suppurativa,1,2017-09-13,1
198932,Depo-Provera,Abnormal Uterine Bleeding,10,2016-07-25,2
169172,Tenuate Dospan,Obesity,10,2014-02-13,68
76877,Lorcaserin,Weight Loss,1,2015-09-19,35
141933,Escitalopram,Generalized Anxiety Disorde,10,2009-11-30,41
77276,Lorcaserin,Weight Loss,10,2013-08-22,52
7589,Xanax,Anxiety,10,2015-10-07,46
191725,Lisdexamfetamine,ADHD,9,2012-01-30,14
53519,Sharobel,Birth Control,8,2016-11-07,12
212338,Lamotrigine,Schizoaffective Disorde,10,2010-08-02,37
745,Medroxyprogesterone,Abnormal Uterine Bleeding,10,2011-08-28,7
85290,Ethinyl estradiol / norgestimate,Abnormal Uterine Bleeding,1,2015-08-05,5
220505,Amitriptyline,Irritable Bowel Syndrome,10,2013-05-22,45
75528,Fosrenol,Hyperphosphatemia of Renal Failure,9,2016-01-11,5
63856,Sertraline,Generalized Anxiety Disorde,9,2017-08-30,14
203264,Blisovi 24 Fe,Birth Control,1,2016-12-28,3
180644,Adderall XR,ADHD,10,2011-10-14,40
124429,Skyla,Birth Control,9,2015-10-14,1
77921,Sulfacetamide sodium,Conjunctivitis,9,2015-11-30,0
51645,Azithromycin,"Gonococcal Infection, Uncomplicated",9,2016-04-04,1
160699,Buspirone,Anxiety,3,2012-09-10,35
17011,Phillips' Milk of Magnesia,Constipation,9,2015-08-23,30
37215,Vyvanse,ADHD,10,2016-11-01,12
114072,Amlodipine,High Blood Pressure,3,2009-12-07,105
40454,Savella,ibromyalgia,8,2009-10-06,16
200349,Varenicline,Smoking Cessation,9,2014-03-11,16
446,Medroxyprogesterone,Birth Control,10,2013-09-01,19
202232,Benzoyl peroxide / clindamycin,Acne,10,2009-07-11,15
231119,Milnacipran,ibromyalgia,6,2009-06-26,61
214533,Tioconazole,Vaginal Yeast Infection,10,2015-05-05,22
101226,Invega,Schizoaffective Disorde,4,2017-04-20,6
128463,Phentermine,Weight Loss,10,2015-09-24,14
119993,Losartan,High Blood Pressure,9,2013-01-19,291
38853,Esomeprazole,GERD,6,2010-01-25,22
93667,Morphine,Pain,9,2011-01-31,13
118969,Zoloft,Anxiety and Stress,7,2010-12-09,25
138570,Phentermine,Weight Loss,10,2013-03-25,25
116745,Lamictal,Bipolar Disorde,10,2016-05-18,69
163888,Lantus,"Diabetes, Type 2",10,2014-10-05,14
170556,Quetiapine,Insomnia,10,2015-04-04,27
143306,Etonogestrel,Birth Control,7,2017-03-29,4
67094,Magnesium hydroxide,Constipation,10,2016-12-29,32
168310,Rizatriptan,Migraine,10,2011-08-16,7
81331,Yaz,Birth Control,2,2016-01-04,7
144431,Etonogestrel,Birth Control,9,2016-04-20,0
151433,Chantix,Smoking Cessation,5,2016-10-27,12
230504,Depo-Provera,Endometriosis,1,2012-06-09,23
136946,Isotretinoin,Acne,10,2016-06-22,15
130853,Levonorgestrel,Birth Control,5,2011-07-11,1
131593,Effexor XR,Depression,1,2017-05-16,22
139924,Euflexxa,Osteoarthritis,9,2017-07-27,21
162352,Ranibizumab,Macular Edema,9,2016-02-18,4
188625,ParaGard,Birth Control,10,2016-03-28,17
181341,Prozac,Depression,10,2016-04-18,154
29933,Klonopin,Panic Disorde,9,2017-06-24,31
116077,OnabotulinumtoxinA,Overactive Bladde,1,2016-02-11,51
23162,Methadone,Opiate Withdrawal,2,2015-11-13,18
30091,Klonopin,Panic Disorde,10,2014-06-19,75
57196,Vandazole,Bacterial Vaginitis,9,2009-08-13,25
29091,Topiramate,Migraine Prevention,1,2017-06-26,13
57823,Acetaminophen / hydrocodone,Back Pain,8,2012-08-19,16
161970,Ciprofloxacin,Urinary Tract Infection,10,2017-01-15,73
67501,Lacosamide,Seizures,9,2014-06-30,58
34248,Tramadol,Pain,10,2008-11-25,34
37768,Reclipsen,Birth Control,10,2014-07-04,9
218729,Opana ER,Pain,8,2010-01-12,23
153787,Amoxicillin,Upper Respiratory Tract Infection,7,2016-07-16,10
5187,Orsythia,Birth Control,1,2013-02-05,11
33475,Microgestin Fe 1 / 20,Birth Control,7,2015-02-07,24
161533,Diphenhydramine,Insomnia,8,2008-04-04,32
18490,Proctofoam,Hemorrhoids,10,2011-05-31,29
228628,Avonex,Multiple Sclerosis,9,2012-12-17,23
66075,Propranolol,Migraine Prevention,10,2013-01-22,96
148259,Norethindrone,Birth Control,1,2011-10-24,13
102669,Aripiprazole,Schizophrenia,10,2015-10-02,21
74376,Ethinyl estradiol / norethindrone,Birth Control,10,2010-03-01,44
118338,Naltrexone,Opiate Dependence,1,2016-02-10,2
196301,Balacet,Pain,8,2008-05-21,58
191011,Campral,Alcohol Dependence,10,2016-10-17,97
82029,Liraglutide,Weight Loss,10,2016-06-10,113
157112,Differin,Acne,2,2017-03-03,8
216129,Copper,Birth Control,1,2015-10-06,9
209532,Zubsolv,Opiate Dependence,9,2014-06-11,72
149913,Soma,Muscle Spasm,10,2014-07-13,83
39957,Contrave,Obesity,8,2015-07-28,35
220708,Loestrin 24 Fe,Birth Control,8,2010-10-11,7
107566,Implanon,Birth Control,9,2010-11-25,5
10617,Mononessa,Birth Control,1,2017-06-18,2
188908,Arimidex,Breast Cance,2,2010-12-15,84
47699,Adapalene,Acne,10,2017-05-13,7
184893,Canagliflozin,"Diabetes, Type 2",8,2014-11-10,77
143900,Etonogestrel,Birth Control,7,2016-08-24,3
222435,Kyleena,Birth Control,8,2017-07-26,1
126232,Viibryd,Depression,4,2011-12-23,15
228243,Etonogestrel,Birth Control,1,2009-12-08,6
211354,Mirabegron,Overactive Bladde,6,2015-01-29,43
11471,Pramipexole,Restless Legs Syndrome,10,2016-03-18,45
125515,Creon,Pancreatic Exocrine Dysfunction,1,2016-03-15,8
209752,Lupron Depot,Uterine Fibroids,6,2013-08-11,39
164605,Diclofenac,Osteoarthritis,8,2009-08-29,20
179787,Adapalene / benzoyl peroxide,Acne,3,2015-12-14,2
162898,Rapaflo,Benign Prostatic Hyperplasia,10,2013-11-07,41
72938,Ethinyl estradiol / norethindrone,Birth Control,7,2015-05-29,4
173409,Clonazepam,Panic Disorde,9,2008-03-01,180
112495,Methenamine,Prevention of Bladder infection,10,2016-10-29,10
6953,Aluminum chloride hexahydrate,Hyperhidrosis,10,2016-02-15,6
226792,Etonogestrel,Birth Control,7,2015-03-05,0
49733,Gabapentin,Restless Legs Syndrome,9,2016-08-26,56
75772,Temazepam,Insomnia,10,2016-01-29,24
227272,Etonogestrel,Birth Control,10,2013-11-06,3
64743,Sertraline,Generalized Anxiety Disorde,9,2015-09-20,35
161450,Diphenhydramine,Insomnia,8,2016-03-19,2
154696,Metronidazole,Bacterial Infection,1,2017-06-13,16
68317,Plan B,Emergency Contraception,9,2014-01-19,20
213570,Tioconazole,Vaginal Yeast Infection,1,2017-09-12,0
28220,Lexapro,Generalized Anxiety Disorde,10,2015-04-10,91
226777,Etonogestrel,Birth Control,6,2015-03-29,0
171332,Wellbutrin,Major Depressive Disorde,10,2017-05-14,69
122339,Dymista,Allergic Rhinitis,10,2016-12-13,15
223946,Levonorgestrel,Birth Control,8,2016-12-08,7
85806,Ethinyl estradiol / norgestimate,Birth Control,10,2013-08-28,18
80383,Aleve,Sciatica,10,2014-05-30,124
104602,Ethinyl estradiol / levonorgestrel,Birth Control,5,2011-06-09,6
189541,Oxycodone,Pain,5,2011-03-07,18
16504,Ethinyl estradiol / norethindrone,Birth Control,5,2015-12-20,2
47285,Aristocort,Allergic Reactions,9,2015-11-18,0
168626,Vilazodone,Depression,1,2017-04-26,16
62553,Citalopram,Depression,9,2011-08-25,68
209329,Zomig,Migraine,9,2010-11-07,6
4257,Belviq,Weight Loss,9,2017-09-05,20
153158,Doxycycline,Upper Respiratory Tract Infection,8,2016-02-01,41
72110,Tramadol,Pain,9,2014-10-18,61
166101,Levonorgestrel,Abnormal Uterine Bleeding,10,2017-01-30,13
97472,Voltaren Gel,Pain,9,2015-07-23,24
194267,Nebivolol,High Blood Pressure,7,2010-09-17,35
79427,Plan B One-Step,Emergency Contraception,7,2015-05-22,3
222944,Topamax,Bipolar Disorde,9,2009-09-14,58
118436,Fetzima,Major Depressive Disorde,1,2017-03-29,11
38457,Phenazopyridine,Interstitial Cystitis,10,2013-09-01,34
45770,Fluoxetine,Anxiety and Stress,7,2011-07-31,40
118500,Fetzima,Major Depressive Disorde,5,2015-09-04,10
111457,Ledipasvir / sofosbuvir,Hepatitis C,10,2015-03-23,54
27708,Lexapro,Depression,10,2017-08-30,15
181734,Prozac,Anxiety and Stress,9,2009-11-26,359
88880,Tenuate,Obesity,10,2009-11-01,54
217215,Clarithromycin,Otitis Media,8,2017-08-03,1
200086,Varenicline,Smoking Cessation,10,2015-09-10,24
132079,Tacrolimus,"Organ Transplant, Rejection Prophylaxis",10,2011-12-21,12
100141,Desogestrel / ethinyl estradiol,Birth Control,5,2016-07-14,2
209870,VESIcare,Urinary Incontinence,2,2017-02-22,23
173259,Clonazepam,Anxiety,7,2009-08-08,12
165166,Phentermine / topiramate,Obesity,2,2015-07-04,10
61000,Focalin,ADHD,7,2010-09-11,18
123538,Skyla,Birth Control,7,2017-06-29,1
24773,Tresiba,"Diabetes, Type 1",1,2016-08-15,14
143764,Etonogestrel,Birth Control,8,2016-10-12,2
211660,Lamotrigine,Bipolar Disorde,6,2017-07-11,5
48832,Ethinyl estradiol / levonorgestrel,Birth Control,1,2017-01-23,1
7428,Monistat 7-Day Combination Pack,Vaginal Yeast Infection,1,2015-05-22,10
57003,Saliva substitutes,Xerostomia,10,2012-07-27,52
225278,Bupropion,Smoking Cessation,5,2015-09-21,7
36041,Efinaconazole,"Onychomycosis, Toenail",2,2016-01-08,10
21950,Infliximab,Psoriatic Arthritis,9,2017-09-10,0
12016,Diovan HCT,High Blood Pressure,9,2011-10-26,17
203652,Benzocaine,Cold Sores,8,2009-11-30,16
223152,Estradiol,Postmenopausal Symptoms,1,2017-05-28,3
12344,Atripla,HIV Infection,9,2013-01-24,23
17201,Flexeril,Muscle Spasm,2,2009-07-27,6
207690,Suprep Bowel Prep Kit,Bowel Preparation,10,2016-08-14,13
101763,Methocarbamol,Muscle Spasm,10,2010-07-02,185
165350,Ethinyl estradiol / folic acid / levonorgestrel,Birth Control,8,2015-10-11,1
222223,Fluconazole,Vaginal Yeast Infection,10,2008-03-07,114
50384,Gabapentin,Alcohol Withdrawal,9,2013-06-15,118
95385,Otezla,Plaque Psoriasis,10,2017-05-11,23
175368,Augmentin,Sinusitis,7,2017-05-15,6
66532,Vancomycin,Bacterial Infection,7,2011-07-22,17
99541,Magnesium sulfate / potassium sulfate / sodium sulfate,Bowel Preparation,9,2017-07-28,17
206992,Zarah,Birth Control,10,2017-01-06,4
78175,Zyprexa,Bipolar Disorde,10,2011-10-25,56
34493,Tysabri,Multiple Sclerosis,9,2011-04-12,43
213206,Nuvigil,Narcolepsy,9,2013-01-28,27
89664,Celexa,Depression,10,2011-05-04,28
42738,Xulane,Birth Control,9,2017-01-11,5
137974,Ortho Evra,Birth Control,5,2016-10-19,1
155955,Cialis,Erectile Dysfunction,4,2015-12-24,6
15234,Ethinyl estradiol / norethindrone,Birth Control,8,2017-04-24,8
41944,Etanercept,Rheumatoid Arthritis,10,2017-02-23,22
189299,Oxycodone,Chronic Pain,8,2015-08-05,33
57208,Asmanex Twisthaler,"Asthma, Maintenance",10,2011-06-26,16
70363,Zofran,Nausea/Vomiting,10,2010-02-04,8
109137,Nexplanon,Birth Control,9,2017-03-29,0
147065,Alprazolam,Anxiety,10,2015-03-13,13
1680,Simply Sleep,Insomnia,1,2015-06-25,12
91757,Lyrica,Neuropathic Pain,10,2017-03-03,47
8371,Zolpidem,Insomnia,10,2014-02-27,72
94042,Trintellix,Depression,9,2016-04-16,92
177674,Duloxetine,Back Pain,9,2015-03-27,13
143622,Etonogestrel,Birth Control,10,2016-11-30,0
156889,Transderm-Scop,Motion Sickness,9,2017-05-13,4
229901,Flurazepam,Insomnia,10,2017-09-26,2
152888,Doxycycline,Bacterial Infection,3,2017-05-30,16
197470,Paroxetine,Anxiety and Stress,5,2009-11-24,28
32562,Lisinopril,High Blood Pressure,1,2009-06-01,84
68462,Medroxyprogesterone,Birth Control,3,2017-11-29,1
200952,Alcaftadine,,8,2016-05-31,2
150545,Sulfamethoxazole / trimethoprim,Urinary Tract Infection,8,2016-06-01,18
189341,Oxycodone,Chronic Pain,9,2013-05-23,60
34820,Minocycline,Acne,10,2014-01-25,93
80702,Tussionex Pennkinetic,Cough,9,2017-02-13,14
111504,Cipro,Bladder Infection,3,2014-11-18,44
115874,Divalproex sodium,Bipolar Disorde,6,2015-11-13,1
6400,Ocella,Birth Control,3,2015-06-05,3
1301,Sumatriptan,Migraine,10,2015-08-01,6
57470,Oxymorphone,Pain,9,2009-04-22,57
80448,Cytomel,"Hypothyroidism, After Thyroid Removal",10,2010-10-06,140
217318,Clarithromycin,Sinusitis,3,2017-03-30,7
1651,Eluxadoline,Irritable Bowel Syndrome,7,2016-03-26,29
205186,Etonogestrel,Birth Control,1,2017-05-21,3
101289,Aubra,Birth Control,2,2017-06-03,1
114684,Methotrexate,Rheumatoid Arthritis,5,2016-09-26,38
72184,Tramadol,Depression,8,2014-07-10,101
22381,Mephobarbital,Epilepsy,10,2012-01-29,20
138517,Phentermine,Weight Loss,9,2013-05-31,27
42970,Prilosec OTC,GERD,9,2009-07-05,57
21770,Guaifenesin / pseudoephedrine,Cough and Nasal Congestion,8,2013-05-06,27
107932,Ethinyl estradiol / norelgestromin,Birth Control,2,2016-12-21,6
19674,Pregabalin,Peripheral Neuropathy,9,2010-09-14,25
87349,Tri-Linyah,Birth Control,9,2016-07-31,3
225361,Bupropion,Depression,9,2015-01-24,17
184126,Hydroxyzine,Anxiety,1,2016-09-26,19
95803,Sertraline,Depression,1,2014-01-19,72
145547,Qsymia,Weight Loss,10,2017-01-13,80
116184,Amlodipine,High Blood Pressure,1,2012-05-27,197
40988,Acetaminophen / oxycodone,Pain,8,2015-04-09,33
81541,Liraglutide,"Diabetes, Type 2",10,2017-08-23,19
187223,Sodium oxybate,Narcolepsy,9,2014-06-18,9
97273,Ambien,Insomnia,10,2008-12-19,22
108739,Nexplanon,Birth Control,4,2017-09-05,5
30159,Klonopin,Anxiety,10,2013-06-24,72
199219,Depo-Provera,Endometriosis,3,2015-10-15,4
54616,Bupropion / naltrexone,Obesity,1,2017-05-18,12
133421,Soolantra,Rosacea,9,2016-12-31,25
99334,Doxylamine,Insomnia,1,2015-10-06,15
151146,OxyContin,Pain,10,2011-05-21,14
28893,Lexapro,Depression,7,2009-07-31,20
98158,Nexplanon,Birth Control,7,2015-07-20,6
39248,Contrave,Weight Loss,10,2017-03-25,43
151481,Chantix,Smoking Cessation,9,2016-02-10,29
139094,Phentermine,Weight Loss,8,2009-03-02,14
51873,Ustekinumab,Psoriasis,3,2016-04-19,14
90884,Norco,Pain,3,2015-12-08,36
114909,Diazepam,Anxiety,10,2016-12-30,70
27316,Fenofibrate,Hypertriglyceridemia,1,2009-12-04,95
208044,Suprep Bowel Prep Kit,Bowel Preparation,10,2014-04-16,19
125656,Flagyl,Bacterial Infection,8,2017-01-09,3
30390,Klonopin,Panic Disorde,10,2009-08-17,46
72266,Tramadol,Anxiety,10,2013-05-20,141
37923,Adipex-P,Weight Loss,10,2017-10-30,15
140743,Escitalopram,Major Depressive Disorde,10,2016-07-24,45
173319,Alli,Obesity,10,2017-07-27,27
34743,Minocycline,Acne,9,2015-05-17,27
58751,Azelaic acid,Acne,9,2014-01-29,22
127057,Metoclopramide,Nausea/Vomiting,1,2009-11-12,45
98991,Lutera,Endometriosis,3,2016-05-17,0
25852,Ethinyl estradiol / norelgestromin,Birth Control,9,2010-08-02,10
90058,Ambrisentan,Pulmonary Hypertension,2,2015-09-23,2
164386,Diclofenac,Period Pain,10,2016-10-01,7
88595,Prepopik,Bowel Preparation,1,2017-11-11,0
40987,Acetaminophen / oxycodone,Pain,9,2015-05-02,70
165973,Levonorgestrel,Birth Control,8,2017-02-22,3
101298,Aubra,Birth Control,2,2017-04-29,0
151366,OxyContin,Pain,9,2008-04-15,695
71493,Vraylar,Schizophrenia,9,2017-04-14,17
135888,Percocet,Pain,10,2008-05-22,51
132524,Doxepin,Insomnia,1,2016-06-06,11
194397,Crestor,High Cholesterol,10,2015-08-27,62
34156,Tramadol,Pain,1,2009-06-12,13
42561,Concerta,ADHD,5,2013-10-29,38
229355,Lurasidone,Bipolar Disorde,3,2017-05-07,17
150492,Sulfamethoxazole / trimethoprim,Bacterial Infection,1,2016-08-03,20
53518,Sharobel,Birth Control,1,2016-12-04,10
150659,Sulfamethoxazole / trimethoprim,Acne,10,2015-04-08,18
79006,Plan B One-Step,Emergency Contraception,10,2017-08-11,6
186417,Desvenlafaxine,Depression,8,2011-08-01,7
91899,Lyrica,ibromyalgia,8,2016-01-26,29
158496,Methylphenidate,ADHD,1,2015-04-06,18
146470,Tamsulosin,Benign Prostatic Hyperplasia,1,2017-07-17,11
58638,Trileptal,Seizures,8,2008-09-05,59
205417,Pristiq,Depression,10,2015-06-07,93
123328,Apri,Birth Control,10,2012-04-12,7
80658,Tussionex Pennkinetic,Cough,10,2009-10-08,4
117899,Simponi,Psoriatic Arthritis,5,2014-02-07,11
71337,Levora,Birth Control,1,2015-08-12,5
159100,TriNessa,Birth Control,3,2017-01-03,2
45114,Fluoxetine,Anxiety and Stress,1,2016-09-03,26
11482,Pramipexole,Restless Legs Syndrome,10,2017-09-30,10
154115,Lialda,"Ulcerative Colitis, Active",4,2014-06-08,26
172497,Clonazepam,Seizure Prevention,8,2016-04-17,13
174987,Fingolimod,Multiple Sclerosis,9,2011-10-23,64
49170,Ethinyl estradiol / levonorgestrel,Birth Control,1,2016-06-21,6
140216,Bromfed DM,Cough and Nasal Congestion,9,2013-02-27,21
20072,Macrobid,Bladder Infection,2,2016-10-12,14
183212,Cymbalta,Generalized Anxiety Disorde,10,2013-05-11,103
118685,Taclonex,Psoriasis,2,2013-10-10,11
192725,Drospirenone / ethinyl estradiol,Birth Control,4,2011-01-25,1
127020,Metoclopramide,Migraine,1,2015-11-11,3
67756,Plan B,Emergency Contraception,9,2017-02-14,5
9613,Lo Loestrin Fe,Birth Control,10,2016-02-14,14
62112,Citalopram,Anxiety and Stress,2,2014-01-20,82
159009,TriNessa,Birth Control,2,2016-04-09,5
123597,Skyla,Birth Control,5,2017-07-16,5
90882,Norco,Pain,9,2016-03-15,51
132954,Loestrin 24 Fe,4</span> users found this comment helpful.,5,2013-01-02,4
202379,Lithium,Bipolar Disorde,10,2016-02-18,60
102488,Aripiprazole,Autism,8,2017-01-04,3
85815,Ethinyl estradiol / norgestimate,Birth Control,9,2013-08-16,23
31706,Miconazole,Vaginal Yeast Infection,3,2015-12-18,15
83875,Ethinyl estradiol / norgestimate,Birth Control,10,2017-11-02,0
33106,Seasonique,3</span> users found this comment helpful.,3,2010-03-02,3
228788,Alprostadil,Erectile Dysfunction,9,2010-12-19,15
214376,Tioconazole,Vaginal Yeast Infection,1,2015-10-12,0
109676,Nexplanon,Birth Control,1,2016-08-19,7
212236,Lamotrigine,Bipolar Disorde,9,2013-04-05,5
101818,Terbinafine,"Onychomycosis, Toenail",9,2014-12-31,23
93728,Morphine,Pain,9,2009-05-02,105
219648,Taytulla,Birth Control,1,2017-06-29,2
116431,Adalimumab,Crohn's Disease,10,2013-06-25,56
84406,Ethinyl estradiol / norgestimate,Birth Control,1,2016-12-06,3
112886,Bisacodyl,Constipation,9,2017-11-02,1
126315,Acetaminophen / chlorpheniramine / dextromethorphan / pseudoephedrine,Cold Symptoms,2,2009-10-23,5
81553,Liraglutide,Obesity,1,2017-08-15,10
178691,Victoza,Weight Loss,9,2016-08-01,55
168683,Vilazodone,Major Depressive Disorde,9,2016-02-17,36
106744,Implanon,Birth Control,10,2015-05-29,2
194642,Gilenya,Multiple Sclerosis,10,2013-01-11,165
49452,Ethinyl estradiol / levonorgestrel,Premenstrual Syndrome,10,2015-11-29,0
29141,Topiramate,Migraine Prevention,8,2017-02-22,26
133129,Tri-Sprintec,Birth Control,5,2013-09-16,11
91101,Botox,Migraine Prevention,9,2017-05-09,6
108664,Nexplanon,Birth Control,2,2017-12-05,1
196555,Eszopiclone,Insomnia,10,2008-04-09,56
38418,Liletta,Birth Control,1,2017-12-01,0
62998,Tranexamic acid,Menorrhagia,4,2016-10-06,19
93426,Vortioxetine,Major Depressive Disorde,9,2015-03-09,16
94848,Abilify,Bipolar Disorde,10,2013-01-19,46
82074,Liraglutide,Obesity,8,2016-05-02,8
210402,Linzess,"Constipation, Chronic",9,2014-04-28,103
54983,Bupropion / naltrexone,Obesity,9,2016-08-15,24
29973,Klonopin,Anxiety,5,2016-07-31,34
149893,Soma,Muscle Spasm,9,2016-01-05,80
222849,Topamax,Migraine Prevention,8,2013-05-07,31
24701,Horizant,Restless Legs Syndrome,9,2016-07-25,13
67512,Lacosamide,Seizures,9,2013-08-03,41
150355,Sulfamethoxazole / trimethoprim,Urinary Tract Infection,2,2017-06-17,5
221513,Makena,Premature Lab,1,2015-08-24,18
45362,Fluoxetine,Depression,10,2015-10-10,115
122758,Linaclotide,"Constipation, Chronic",10,2015-03-05,82
112855,Bisacodyl,Constipation,10,2017-05-08,3
158817,Methylphenidate,ADHD,10,2009-12-09,13
123660,Skyla,Birth Control,5,2017-03-25,5
72473,Tramadol,Back Pain,8,2011-10-19,27
97911,Nexplanon,Birth Control,2,2015-09-29,7
133388,Soolantra,Rosacea,1,2017-12-06,0
2931,Isosorbide mononitrate,Angina Pectoris Prophylaxis,1,2017-05-06,6
140907,Escitalopram,Generalized Anxiety Disorde,4,2016-01-10,31
149693,Mirena,Birth Control,7,2012-03-21,4
228819,Tadalafil,Erectile Dysfunction,10,2017-10-02,13
188961,Olmesartan,High Blood Pressure,9,2010-06-10,21
51219,Azithromycin,Sinusitis,10,2015-12-07,62
118891,Zoloft,Depression,9,2012-04-28,40
116789,Lamictal,Bipolar Disorde,9,2015-09-13,54
152473,Ciprofloxacin,Bronchitis,10,2011-05-13,24
43501,Hydromorphone,Pain,10,2010-09-08,10
222882,Topamax,Migraine Prevention,1,2012-04-08,24
132286,Ativan,Insomnia,9,2014-03-28,83
5028,Belviq,Weight Loss,10,2014-04-14,94
191766,Lisdexamfetamine,ADHD,10,2010-07-17,38
5335,Cryselle,Birth Control,5,2015-08-12,1
201859,Antipyrine / benzocaine,Otitis Media,10,2012-10-20,16
65544,Propranolol,Panic Disorde,10,2017-08-27,1
133769,Bactrim DS,Bacterial Skin Infection,7,2011-06-02,19
45050,Fluoxetine,Anxiety and Stress,10,2016-12-31,36
161389,Ortho Tri-Cyclen,Birth Control,7,2015-07-12,4
42230,Atenolol,High Blood Pressure,10,2017-12-09,0
123038,Avinza,Pain,9,2010-05-08,23
222766,Topamax,Migraine Prevention,1,2015-03-15,19
206904,Duac,Acne,10,2015-10-13,9
217556,Clarithromycin,Strep Throat,10,2013-07-26,11
45963,Fluoxetine,Premenstrual Dysphoric Disorde,10,2014-03-06,85
214380,Tioconazole,Vaginal Yeast Infection,10,2015-10-10,3
68662,Medroxyprogesterone,Birth Control,6,2017-01-31,1
82564,Hysingla ER,Pain,1,2017-07-30,23
141739,Escitalopram,Depression,7,2011-12-14,21
74479,Ethinyl estradiol / norethindrone,Birth Control,1,2009-11-29,2
196776,Paroxetine,Depression,7,2017-06-14,5
129091,Levonorgestrel,Emergency Contraception,1,2015-11-04,5
13788,Amphetamine / dextroamphetamine,ADHD,8,2008-08-26,13
46317,Modafinil,Depression,6,2015-06-27,12
152689,Furosemide,Edema,4,2014-01-27,90
144183,Etonogestrel,Birth Control,9,2016-06-16,1
110644,Lidex,Psoriasis,10,2013-09-20,14
213818,Tioconazole,Vaginal Yeast Infection,3,2017-02-05,0
55105,Bupropion / naltrexone,Weight Loss,9,2016-04-20,21
22504,Pramoxine,Hemorrhoids,9,2009-04-21,37
223289,Cetirizine,Urticaria,1,2016-11-11,7
40800,Leuprolide,Endometriosis,2,2016-11-08,7
1420,Sumatriptan,Migraine,9,2009-04-03,4
16979,Phillips' Milk of Magnesia,Constipation,10,2016-08-23,29
42007,Mircette,Birth Control,10,2015-08-04,28
172328,Clonazepam,Panic Disorde,10,2017-06-21,10
192388,Drospirenone / ethinyl estradiol,Acne,10,2015-02-24,0
9359,Lo Loestrin Fe,Birth Control,4,2016-07-09,8
16503,Ethinyl estradiol / norethindrone,Birth Control,1,2015-12-20,9
78887,Trental,Intermittent Claudication,8,2015-05-04,21
193562,Cyclobenzaprine,Muscle Spasm,5,2009-10-03,30
30355,Klonopin,Hyperekplexia,8,2011-10-17,5
17199,Flexeril,Muscle Spasm,4,2009-08-03,27
214829,Zestril,High Blood Pressure,7,2009-09-29,88
139490,Armodafinil,Narcolepsy,8,2010-10-27,19
197365,Paroxetine,Postpartum Depression,8,2011-04-15,55
149122,Mirena,Birth Control,10,2015-07-21,14
221601,Ziana,Acne,7,2015-02-02,15
21839,Guaifenesin / pseudoephedrine,Cough and Nasal Congestion,7,2010-03-23,14
133409,Soolantra,Rosacea,10,2017-09-01,9
35142,Levofloxacin,Pneumonia,10,2016-04-06,34
158703,Methylphenidate,ADHD,5,2011-11-27,25
80152,Benzonatate,Cough,1,2016-03-13,17
117016,Synvisc-One,Osteoarthritis,1,2017-08-06,15
216067,Copper,Birth Control,3,2015-09-21,1
224970,Bupropion,Smoking Cessation,10,2016-12-04,22
189134,Oxycodone,Chronic Pain,8,2017-01-02,17
209299,Amlodipine / atorvastatin,High Blood Pressure,1,2016-07-18,1
22437,Treximet,Migraine,10,2008-11-24,20
185417,Tocilizumab,Juvenile Idiopathic Arthritis,9,2015-01-02,17
4930,Belviq,Weight Loss,3,2014-06-25,55
110792,Ixekizumab,Plaque Psoriasis,9,2017-08-31,2
170666,Quetiapine,Borderline Personality Disorde,9,2014-04-13,19
176077,Famvir,Cold Sores,8,2010-08-11,26
91410,Anastrozole,Breast Cance,9,2014-09-30,101
30904,Miconazole,Vaginal Yeast Infection,1,2017-04-26,5
96656,Neurontin,Pain,8,2009-10-19,50
74868,Keppra,Seizures,6,2012-02-16,31
196186,Fluvoxamine,Anxiety and Stress,1,2016-04-27,8
222029,Fluconazole,Vaginal Yeast Infection,10,2014-09-18,75
231701,Trazodone,Insomnia,8,2015-02-13,70
165843,Levonorgestrel,Birth Control,10,2017-03-18,4
173493,Clonazepam,Restless Legs Syndrome,4,2009-03-17,55
135733,Zafirlukast,"Asthma, Maintenance",10,2011-10-29,11
126877,Dilaudid,Pain,10,2009-10-24,17
125496,Dulcolax,Constipation,7,2014-08-11,8
27235,Imitrex,Migraine,10,2016-10-31,11
14247,Myrbetriq,Overactive Bladde,10,2014-12-03,56
67238,Omeprazole,GERD,7,2017-08-17,3
27194,Monurol,Bladder Infection,1,2017-04-06,2
7111,Aluminum chloride hexahydrate,Hyperhidrosis,10,2012-12-10,12
22773,Lidocaine,Pain,1,2016-01-19,26
106638,Implanon,Birth Control,8,2015-10-19,4
49651,Ethinyl estradiol / levonorgestrel,Birth Control,9,2015-07-24,5
184515,Hydroxyzine,Anxiety,8,2012-07-20,70
36134,Coreg,High Blood Pressure,10,2011-06-17,47
167313,Levonorgestrel,Emergency Contraception,10,2016-04-09,1
131881,Effexor XR,Depression,9,2012-12-15,51
75488,Oracea,Rosacea,10,2012-03-06,31
50469,Gabapentin,Pain,6,2013-02-05,48
87651,Naproxen,"Gout, Acute",10,2013-05-20,43
65073,Hydrochlorothiazide,High Blood Pressure,9,2017-07-12,27
160628,Buspirone,Anxiety,1,2014-01-09,50
188036,Cholestyramine,Dumping Syndrome,10,2014-06-11,50
154139,Lialda,"Ulcerative Colitis, Active",9,2011-07-06,18
104538,Ethinyl estradiol / levonorgestrel,Birth Control,8,2011-08-08,5
115077,Diazepam,Anxiety,9,2014-12-04,25
157782,Accutane,Acne,10,2014-10-18,29
85632,Ethinyl estradiol / norgestimate,Birth Control,8,2014-07-04,10
207191,Valtrex,"Herpes Simplex, Suppression",10,2017-01-28,26
49396,Ethinyl estradiol / levonorgestrel,Abnormal Uterine Bleeding,3,2016-01-06,8
72048,Tramadol,Restless Legs Syndrome,10,2015-05-19,67
136941,Isotretinoin,Acne,10,2016-07-12,3
94496,Abilify,Major Depressive Disorde,8,2017-06-18,3
13290,Amphetamine / dextroamphetamine,ADHD,8,2017-02-18,13
136300,Prazosin,Post Traumatic Stress Disorde,2,2016-08-14,14
17693,Ethinyl estradiol / etonogestrel,Birth Control,8,2015-10-16,9
280,Medroxyprogesterone,Birth Control,8,2015-05-28,11
112992,Bisacodyl,Constipation,5,2017-03-16,6
192393,Drospirenone / ethinyl estradiol,Acne,8,2015-02-02,10
141031,Escitalopram,Generalized Anxiety Disorde,10,2015-11-19,50
193694,Detrol,Overactive Bladde,9,2009-10-10,30
116763,Lamictal,Bipolar Disorde,10,2016-03-02,102
19531,Pregabalin,ibromyalgia,6,2014-05-09,113
194004,Dilaudid,Pain,10,2013-07-22,38
122097,Venlafaxine,Depression,1,2010-11-03,18
194481,Atorvastatin,High Cholesterol,1,2017-03-27,29
220124,Amitriptyline,Depression,1,2015-11-12,11
139912,Euflexxa,Osteoarthritis,10,2012-03-28,28
48529,Ethinyl estradiol / levonorgestrel,Birth Control,1,2017-09-16,0
139156,Phentermine,Weight Loss,10,2009-04-10,75
81434,Yaz,Birth Control,7,2011-07-21,2
157603,Accutane,Acne,4,2017-08-25,6
201290,Zoloft,Major Depressive Disorde,10,2016-04-15,28
33090,Seasonique,Endometriosis,10,2010-05-17,19
147168,Alprazolam,Depression,10,2013-08-13,151
223487,Tasigna,Chronic Myelogenous Leukemia,10,2015-09-01,11
47451,Tapentadol,Diabetic Peripheral Neuropathy,10,2017-10-30,1
139493,Armodafinil,Hypersomnia,8,2010-10-19,5
17059,Flexeril,Muscle Spasm,10,2016-04-27,17
103133,Estarylla,Birth Control,1,2017-08-09,6
100420,Desogestrel / ethinyl estradiol,Birth Control,9,2013-09-07,13
61055,Tri-Lo-Estarylla,Birth Control,1,2016-07-05,2
188438,ParaGard,Birth Control,9,2017-03-08,7
131855,Effexor XR,Depression,6,2014-02-03,44
70527,Flomax,Urinary Tract Stones,1,2016-02-25,22
75585,Glucophage,Insulin Resistance Syndrome,3,2014-03-19,57
227334,Etonogestrel,Birth Control,10,2013-11-11,7
197445,Paroxetine,Anxiety,6,2010-10-07,51
57952,Acetaminophen / hydrocodone,Pain,9,2010-10-29,4
34021,Junel Fe 1 / 20,Birth Control,5,2011-08-08,20
146141,Suboxone,Opiate Dependence,9,2013-12-05,49
1573,Eluxadoline,Irritable Bowel Syndrome,8,2016-10-19,20
218143,Amoxicillin / clavulanate,Sinusitis,1,2016-12-11,11
205841,Pristiq,Depression,7,2010-03-02,44
2547,Camrese,Birth Control,4,2016-02-02,4
13937,Bydureon,"Diabetes, Type 2",9,2013-05-31,27
143084,Etonogestrel,Birth Control,10,2017-06-10,8
81902,Liraglutide,Obesity,4,2017-01-05,12
210493,Ferrous sulfate,Iron Deficiency Anemia,10,2011-08-01,91
137007,Isotretinoin,Acne,10,2016-05-11,28
216191,Copper,Birth Control,10,2015-04-20,24
156725,Dulaglutide,"Diabetes, Type 2",2,2015-12-13,0
17241,Naphazoline / pheniramine,Eye Redness/Itching,10,2009-10-20,22
148416,Mirena,Birth Control,8,2017-08-27,12
117441,Nortriptyline,Depression,1,2017-04-28,2
231502,Trazodone,Insomnia,3,2016-04-22,41
136316,Prazosin,Post Traumatic Stress Disorde,1,2016-02-26,24
125854,Viibryd,Depression,10,2016-07-03,48
43880,Polyethylene glycol 3350,Constipation,1,2017-08-23,19
130340,Levonorgestrel,Emergency Contraception,8,2013-10-21,20
118736,Drospirenone / ethinyl estradiol,Birth Control,8,2017-09-14,0
96023,Sertraline,Depression,3,2012-10-07,27
11014,Terbinafine,"Onychomycosis, Toenail",10,2009-09-02,122
84097,Ethinyl estradiol / norgestimate,Birth Control,2,2017-04-11,2
139217,Phentermine,Weight Loss,9,2008-06-10,66
157181,Differin,Acne,10,2014-06-26,116
93795,Carbatrol,Epilepsy,5,2013-04-17,17
213315,Nuvigil,Narcolepsy,9,2011-03-21,13
132840,Loestrin 24 Fe,Birth Control,3,2016-09-26,0
230024,Diflucan,Vaginal Yeast Infection,8,2016-07-27,33
64423,Sertraline,Social Anxiety Disorde,10,2016-07-03,41
30446,Klonopin,Migraine Prevention,3,2009-03-02,22
55501,Belviq,Weight Loss,10,2013-06-19,131
88157,Clindamycin,Bacterial Infection,10,2013-08-23,55
214508,Tioconazole,Vaginal Yeast Infection,10,2015-07-11,9
163542,Mirtazapine,Insomnia,8,2014-12-15,56
63210,Citric acid / magnesium oxide / sodium picosulfate,Bowel Preparation,1,2015-11-24,7
21490,Balsalazide,"Ulcerative Colitis, Active",9,2009-02-18,10
190481,Prostigmin Bromide,Myasthenia Gravis,10,2016-02-09,1
227644,Etonogestrel,Birth Control,3,2012-04-16,0
154709,Metronidazole,Bacterial Infection,10,2017-07-22,3
168515,Tranylcypromine,Depression,10,2010-01-17,78
7688,Xanax,Panic Disorde,8,2015-01-10,29
91809,Lyrica,Neuropathic Pain,6,2016-08-10,25
26360,Sprintec,Birth Control,7,2015-10-01,10
26355,Sprintec,Birth Control,6,2015-10-11,2
203131,Fentanyl Transdermal System,Chronic Pain,8,2014-05-15,40
21424,Zaleplon,Insomnia,10,2013-07-13,30
191176,Niaspan,High Cholesterol,6,2010-11-17,13
164463,Diclofenac,Spondyloarthritis,1,2014-09-07,3
156755,Dulaglutide,"Diabetes, Type 2",3,2016-03-07,17
175,Medroxyprogesterone,Abnormal Uterine Bleeding,1,2015-09-07,17
183340,Cymbalta,Chronic Pain,8,2012-10-10,53
114373,Tacrolimus,Atopic Dermatitis,5,2013-04-25,11
128258,Phentermine,Weight Loss,9,2016-02-02,26
5224,Zonisamide,Seizures,8,2009-10-04,40
143670,Etonogestrel,Birth Control,5,2016-12-18,6
30946,Miconazole,Vaginal Yeast Infection,1,2017-04-15,5
171260,Levitra,Erectile Dysfunction,1,2017-04-15,13
87660,Naproxen,Back Pain,10,2012-11-11,66
183893,Mometasone,Allergic Rhinitis,9,2008-07-26,40
212432,Lamotrigine,Bipolar Disorde,10,2009-06-13,44
225415,Bupropion,Depression,10,2014-11-25,249
52959,Indocin SR,Pain,6,2016-11-21,3
83445,Levocetirizine,Allergies,2,2017-11-21,1
127457,Esgic-Plus,Headache,10,2009-11-05,12
51456,Azithromycin,Upper Respiratory Tract Infection,10,2010-05-02,39
75194,Mirapex,Restless Legs Syndrome,10,2010-03-18,41
149764,Mirena,Birth Control,1,2011-11-21,3
113088,Bisacodyl,Constipation,8,2016-08-01,13
6588,Primidone,Benign Essential Trem,1,2016-05-19,41
222810,Topamax,Bulimia,8,2014-05-14,23
143067,Etonogestrel,Birth Control,10,2017-06-01,3
137734,Enbrel,Rheumatoid Arthritis,2,2015-12-10,26
80045,Benzonatate,Cough,1,2017-03-31,8
205434,Pristiq,Depression,7,2015-01-20,142
123124,Azelastine,Allergic Rhinitis,10,2015-03-07,18
24862,Avodart,Benign Prostatic Hyperplasia,9,2016-10-13,27
80819,Edluar,Insomnia,10,2013-08-24,8
87493,Naproxen,Period Pain,10,2016-03-29,4
125541,Dulcolax,Constipation,8,2014-01-31,32
121754,Venlafaxine,Depression,8,2014-01-01,46
140628,Escitalopram,Anxiety,10,2016-12-13,18
191949,Drospirenone / ethinyl estradiol,Birth Control,4,2017-04-17,3
5318,Cryselle,Birth Control,3,2015-12-09,5
161987,Ciprofloxacin,Bladder Infection,10,2017-04-15,4
194662,Trulance,Chronic Idiopathic Constipation,9,2017-11-25,3
221899,Fluconazole,Vaginal Yeast Infection,10,2017-06-21,50
134730,Reglan,Nausea/Vomiting,1,2016-12-22,6
56823,Meclizine,Motion Sickness,10,2013-09-18,55
19192,Pregabalin,Neuralgia,1,2017-02-04,9
162377,Triamcinolone,Allergic Rhinitis,3,2015-05-04,17
169136,Vilazodone,Depression,6,2011-09-20,203
83607,Levocetirizine,Allergies,6,2009-09-19,17
197241,Paroxetine,Anxiety and Stress,10,2014-01-16,174
5726,Claritin-D,Nasal Congestion,3,2017-04-07,9
27846,Lexapro,Depression,6,2017-01-02,21
106549,Implanon,Birth Control,1,2016-01-26,0
2478,Cardizem CD,Supraventricular Tachycardia,6,2012-10-01,45
84560,Ethinyl estradiol / norgestimate,Birth Control,8,2016-08-06,8
73241,Ethinyl estradiol / norethindrone,Birth Control,3,2014-08-06,28
111323,Ledipasvir / sofosbuvir,Hepatitis C,10,2016-05-31,18
148719,Mirena,Birth Control,10,2016-09-02,19
74449,Ethinyl estradiol / norethindrone,Birth Control,9,2010-05-10,3
50543,Gabapentin,Pain,8,2011-11-09,25
17576,Ethinyl estradiol / etonogestrel,Birth Control,10,2016-09-28,16
192741,Drospirenone / ethinyl estradiol,Birth Control,10,2010-09-19,5
81521,Yaz,Birth Control,10,2011-10-12,6
44117,Ethinyl estradiol / norgestimate,Birth Control,5,2012-03-18,3
68011,Plan B,Emergency Contraception,10,2016-02-10,4
164462,Diclofenac,Sciatica,7,2014-09-14,22
150698,Sulfamethoxazole / trimethoprim,Bacterial Skin Infection,8,2015-05-03,12
460,Medroxyprogesterone,Abnormal Uterine Bleeding,10,2015-05-05,9
143747,Etonogestrel,Birth Control,7,2016-10-19,7
108120,Ethinyl estradiol / norelgestromin,Birth Control,9,2015-08-30,4
74610,Incivek,Hepatitis C,10,2013-08-08,8
77136,Lorcaserin,Weight Loss,10,2014-12-11,10
12658,Etanercept,Rheumatoid Arthritis,10,2016-09-02,30
183965,Hydroxyzine,Anxiety,1,2017-09-07,29
4691,Belviq,Weight Loss,10,2015-05-13,35
191085,Campral,Alcohol Dependence,9,2014-06-14,91
99863,Magnesium sulfate / potassium sulfate / sodium sulfate,Bowel Preparation,2,2016-03-14,3
53523,Sharobel,Birth Control,1,2016-03-17,8
6817,Beyaz,Birth Control,3,2011-05-30,1
159826,Bactrim,Bronchitis,9,2016-01-21,15
64540,Sertraline,Anxiety and Stress,8,2016-03-26,44
37110,Zepatier,Hepatitis C,9,2017-01-23,21
149595,Mirena,Birth Control,9,2012-10-26,3
154324,Reglan,Migraine,9,2015-01-03,21
133479,Tri-Sprintec,Birth Control,8,2009-06-06,25
136096,Relpax,Migraine,10,2014-11-06,14
178109,Duloxetine,Depression,10,2011-10-12,10
140601,Escitalopram,Anxiety,8,2017-02-10,48
68604,Medroxyprogesterone,Birth Control,10,2017-03-15,6
228516,Geodon,Schizophrenia,6,2015-12-14,14
150775,Sulfamethoxazole / trimethoprim,Urinary Tract Infection,9,2014-10-05,37
219136,Subutex,Opiate Dependence,10,2015-01-24,62
108849,Nexplanon,Birth Control,3,2017-07-26,5
75315,Vistaril,Anxiety,1,2015-03-12,30
91109,Botox,Cervical Dystonia,7,2017-03-17,16
20279,Cambia,Migraine,9,2017-08-21,4
176638,Lorazepam,Anxiety,9,2010-05-20,7
223692,Ciprodex,Otitis Media,9,2011-09-03,24
59058,Divalproex sodium,Mania,7,2009-02-22,5
139281,Phentermine,Weight Loss,8,2008-04-25,26
120117,Montelukast,Allergic Rhinitis,1,2017-10-17,5
69361,Buprenorphine,Pain,4,2017-01-18,8
94406,Acetaminophen / tramadol,Pain,9,2016-01-01,4
67336,Omeprazole,GERD,8,2009-06-16,25
50429,Gabapentin,Diabetic Peripheral Neuropathy,8,2012-12-31,39
53976,Minoxidil,Alopecia,8,2016-08-09,45
46168,Repatha,"High Cholesterol, Familial Heterozygous",10,2016-03-24,50
121566,Venlafaxine,Depression,2,2015-05-03,32
132102,Imbruvica,Chronic Lymphocytic Leukemia,4,2017-01-24,11
74493,Ethinyl estradiol / norethindrone,Abnormal Uterine Bleeding,9,2009-11-10,3
5165,Orsythia,Birth Control,1,2015-07-22,4
96122,Sertraline,Post Traumatic Stress Disorde,9,2011-12-14,25
161017,Risperidone,Bipolar Disorde,5,2015-08-26,10
128172,Phentermine,Weight Loss,5,2016-04-14,14
229707,Lurasidone,Bipolar Disorde,9,2013-02-28,44
49890,Gabapentin,Postherpetic Neuralgia,1,2016-03-05,2
30004,Klonopin,Anxiety,9,2016-02-22,92
50248,Gabapentin,Hot Flashes,9,2014-08-19,109
224948,Bupropion,Smoking Cessation,10,2016-08-14,25
48478,Ethinyl estradiol / levonorgestrel,Birth Control,4,2017-08-29,0
150959,Sulfamethoxazole / trimethoprim,Bacterial Infection,10,2011-02-10,11
70900,Magnesium citrate,Constipation,10,2015-07-12,35
148807,Mirena,Birth Control,3,2016-04-09,17
179340,Olanzapine,Schizophrenia,8,2015-07-20,22
26690,Sprintec,Birth Control,5,2010-12-27,2
137411,Isotretinoin,Acne,2,2010-12-18,13
215455,Copper,Birth Control,1,2017-09-14,2
219130,Subutex,Opiate Dependence,10,2015-06-14,42
103395,Treprostinil,Pulmonary Hypertension,9,2014-09-15,8
226601,Etonogestrel,Birth Control,9,2015-06-01,4
59391,Zyrtec,Allergic Rhinitis,10,2010-11-09,14
143138,Etonogestrel,Birth Control,3,2017-06-19,3
193385,Cyclobenzaprine,Temporomandibular Joint Disorde,4,2010-04-03,16
27681,Colazal,Ulcerative Colitis,8,2008-08-19,5
60762,MoviPrep,Bowel Preparation,10,2016-07-23,15
86866,Latuda,Bipolar Disorde,9,2017-05-14,40
93144,Vortioxetine,Depression,9,2015-12-29,51
33103,Seasonique,Birth Control,10,2010-03-06,5
71270,Azacitidine,Myelodysplastic Syndrome,4,2009-05-17,65
221551,Gold sodium thiomalate,Rheumatoid Arthritis,10,2015-10-13,1
212333,Lamotrigine,Bipolar Disorde,10,2010-09-30,16
115323,Propofol,Anesthesia,4,2017-11-27,0
188544,ParaGard,Birth Control,10,2016-08-31,5
138657,Phentermine,Weight Loss,1,2011-09-06,8
190123,Protonix,Barrett's Esophagus,10,2014-09-22,71
29375,Topiramate,Migraine Prevention,1,2015-10-30,16
209496,Zubsolv,Opiate Dependence,10,2017-03-05,37
53390,Ultram ER,Pain,9,2008-08-04,36
124370,Skyla,Birth Control,4,2015-11-05,5
97215,St. john's wort,Depression,10,2016-11-25,61
113758,Acetaminophen / butalbital / caffeine,Headache,10,2013-01-25,10
214046,Tioconazole,Vaginal Yeast Infection,7,2016-06-30,2
55680,Effexor,Postpartum Depression,4,2016-08-12,1
93853,Morphine,Pain,10,2008-03-11,15
157568,Guaifenesin,Cough,1,2011-11-07,44
128884,Phentermine,Weight Loss,7,2014-06-21,27
104132,Ethinyl estradiol / levonorgestrel,Birth Control,10,2013-07-24,4
71938,Tramadol,Pain,8,2015-07-25,37
42551,Concerta,ADHD,6,2014-01-27,69
133883,Sanctura,Overactive Bladde,7,2010-08-16,39
200662,Varenicline,Smoking Cessation,9,2011-10-05,6
12486,Ortho Micronor,Birth Control,2,2015-11-12,0
778,Silodosin,Benign Prostatic Hyperplasia,8,2015-03-13,44
52595,Armour Thyroid,Underactive Thyroid,9,2010-04-20,18
208481,Clomid,emale Infertility,1,2016-12-22,5
189650,Oxycodone,Pain,10,2009-09-04,60
59743,NuvaRing,Birth Control,1,2017-01-18,7
48935,Ethinyl estradiol / levonorgestrel,Endometriosis,9,2016-12-01,0
70457,Avanafil,Erectile Dysfunction,8,2016-03-07,1
96788,Silvadene,"Burns, External",10,2012-07-10,47
77763,Moxifloxacin,Bronchitis,10,2015-01-25,18
46597,Minocin,Acne,8,2013-07-09,16
137284,Isotretinoin,Acne,8,2012-02-21,8
29407,Topiramate,Migraine Prevention,1,2015-09-14,31
204098,Escitalopram,Depression,4,2014-02-13,65
181314,Prozac,Depression,10,2015-11-17,60
164116,Ibuprofen,Muscle Pain,10,2009-02-15,30
93256,Vortioxetine,Depression,5,2016-01-13,1
6074,Minastrin 24 Fe,Birth Control,9,2015-10-13,8
182562,Mirena,Birth Control,8,2009-03-19,13
4011,Seroquel XR,Bipolar Disorde,9,2015-08-04,7
187597,Acyclovir,Cold Sores,7,2017-10-10,0
58241,Acetaminophen / hydrocodone,Pain,10,2008-04-23,40
303,Medroxyprogesterone,Abnormal Uterine Bleeding,8,2015-02-06,14
102481,Aripiprazole,Schizoaffective Disorde,3,2017-02-02,6
223798,Depakote ER,Epilepsy,8,2009-05-05,15
103135,Estarylla,Birth Control,2,2017-07-31,2
231903,Trazodone,Insomnia,9,2011-11-10,17
55255,Bupropion / naltrexone,Obesity,9,2016-01-03,2
160154,Rivaroxaban,Deep Vein Thrombosis,7,2016-01-02,16
213087,Phenelzine,Depression,7,2016-04-09,4
183523,Cymbalta,Depression,6,2010-10-07,30
218665,Colesevelam,"Hyperlipoproteinemia Type IIa, Elevated LDL",8,2008-09-09,70
154604,Metronidazole,Pelvic Inflammatory Disease,6,2017-10-02,4
202260,Benzoyl peroxide / clindamycin,Acne,10,2014-06-10,41
205850,Pristiq,Anxiety,9,2010-02-08,16
182798,Cymbalta,Chronic Pain,8,2016-09-07,105
79350,Plan B One-Step,Emergency Contraception,10,2015-11-12,13
176068,Dimetapp Children's Cold & Cough,Cough and Nasal Congestion,1,2013-10-23,6
48120,Simbrinza,"Glaucoma, Open Angle",10,2013-08-28,42
21312,NeutraSal,Mucositis,9,2013-02-27,32
71844,Tramadol,Depression,10,2016-03-20,71
65351,Yasmin,Birth Control,5,2015-04-28,8
54331,Bupropion / naltrexone,Obesity,6,2017-11-20,3
156613,Dulaglutide,"Diabetes, Type 2",5,2017-02-21,6
219585,Synjardy,"Diabetes, Type 2",10,2016-10-04,10
194810,Levetiracetam,Epilepsy,1,2016-12-04,5
141773,Escitalopram,Depression,9,2011-06-21,6
131017,Levonorgestrel,Birth Control,4,2009-10-22,21
97444,Voltaren Gel,Pain,9,2009-09-14,38
157,Medroxyprogesterone,Birth Control,3,2015-09-21,2
63186,Citric acid / magnesium oxide / sodium picosulfate,Bowel Preparation,9,2016-08-17,10
202234,Benzoyl peroxide / clindamycin,Acne,10,2009-07-09,22
77790,Moxifloxacin,Sinusitis,7,2011-04-04,11
166324,Levonorgestrel,Emergency Contraception,10,2016-11-14,5
90339,Desloratadine,Allergic Rhinitis,8,2009-10-20,9
167875,Levonorgestrel,Emergency Contraception,10,2016-01-07,17
113788,Tegretol,Trigeminal Neuralgia,9,2017-11-10,0
153038,Doxycycline,Bacterial Infection,2,2016-08-23,18
69528,Buprenorphine,Chronic Pain,8,2015-05-28,17
19821,Pregabalin,Neuralgia,7,2009-08-25,38
122264,Venlafaxine,Depression,9,2008-06-04,27
137410,Isotretinoin,Acne,10,2010-12-21,3
151007,Sulfamethoxazole / trimethoprim,Urinary Tract Infection,1,2009-10-09,85
167042,Levonorgestrel,Emergency Contraception,1,2016-06-13,2
151476,Chantix,Smoking Cessation,9,2016-02-26,13
22213,Baclofen,Alcohol Withdrawal,10,2014-12-08,95
110340,Nexplanon,Birth Control,10,2016-02-11,0
209207,Skelaxin,Muscle Spasm,10,2009-08-16,22
113237,Bisacodyl,Constipation,10,2015-11-17,7
35659,Buprenorphine / naloxone,Opiate Dependence,2,2017-03-14,7
159338,Januvia,"Diabetes, Type 2",2,2015-05-13,54
82792,Paxil,Anxiety and Stress,10,2017-04-08,23
27935,Lexapro,Anxiety,10,2016-08-23,33
1054,Metronidazole,Rosacea,1,2015-06-13,31
106093,Atomoxetine,ADHD,9,2009-10-31,14
35103,Levofloxacin,Pneumonia,10,2016-10-21,8
31934,Wellbutrin XL,Depression,10,2015-12-11,60
98441,Nexplanon,Birth Control,10,2014-11-30,24
134725,Reglan,Migraine,1,2017-01-23,8
113055,Bisacodyl,Constipation,10,2016-09-19,10
103570,Synthroid,Underactive Thyroid,6,2010-06-08,118
213529,Tioconazole,Vaginal Yeast Infection,10,2017-10-17,3
209255,Geodon,Bipolar Disorde,7,2009-05-11,22
83758,Ethinyl estradiol / norgestimate,Birth Control,1,2017-12-05,0
195363,Glatiramer,Multiple Sclerosis,10,2014-01-04,90
121625,Venlafaxine,Post Traumatic Stress Disorde,6,2014-12-13,12
2841,Belbuca,Chronic Pain,1,2016-07-13,18
64243,Sertraline,Anxiety and Stress,8,2016-11-15,15
207604,Suprep Bowel Prep Kit,Bowel Preparation,6,2016-02-22,9
123814,Skyla,Birth Control,9,2017-02-05,1
30482,Klonopin,Restless Legs Syndrome,9,2008-07-30,125
96352,Sertraline,Depression,8,2009-08-13,269
168990,Vilazodone,Depression,10,2012-11-18,15
80669,Tussionex Pennkinetic,Cough,10,2009-06-11,1
21373,Zaleplon,Insomnia,9,2017-07-14,1
114319,Nicotine,Smoking Cessation,10,2013-02-07,17
203922,Suvorexant,Insomnia,1,2016-02-17,16
152399,Ciprofloxacin,Kidney Infections,10,2013-07-16,93
205608,Pristiq,Depression,7,2012-04-19,7
46893,Xenical,Obesity,8,2015-08-07,61
40970,Acetaminophen / oxycodone,Chronic Pain,1,2017-04-04,18
73695,Ethinyl estradiol / norethindrone,Birth Control,9,2012-11-13,22
131675,Effexor XR,Postpartum Depression,9,2016-05-14,10
25755,Ethinyl estradiol / norelgestromin,Birth Control,10,2015-01-29,9
48022,Naproxen / sumatriptan,Migraine,10,2008-07-12,16
91668,Xyrem,Narcolepsy,10,2016-01-06,16
141474,Escitalopram,Depression,8,2013-11-22,9
146727,Alprazolam,Anxiety,10,2017-11-20,0
192211,Drospirenone / ethinyl estradiol,Acne,2,2016-02-15,6
57816,Acetaminophen / hydrocodone,Pain,9,2012-09-27,7
18416,Voltaren,Osteoarthritis,10,2009-04-22,56
51649,Azithromycin,Chlamydia Infection,8,2016-03-31,0
28005,Lexapro,Anxiety,10,2016-03-31,52
41354,Acetaminophen / oxycodone,Pain,9,2008-06-18,55
40317,Savella,ibromyalgia,5,2012-01-14,25
87461,Naproxen,Headache,10,2016-04-22,34
230308,Meloxicam,Osteoarthritis,10,2016-04-25,64
55809,Effexor,Major Depressive Disorde,7,2014-05-13,68
47240,Thyroid desiccated,Underactive Thyroid,10,2011-04-23,57
105752,Methylprednisolone,Inflammatory Conditions,10,2013-10-19,100
47344,Flonase,Allergic Rhinitis,1,2015-03-23,25
5913,Opana,Pain,5,2015-07-25,30
42964,Prilosec OTC,GERD,10,2012-08-07,41
170287,Quetiapine,Insomnia,8,2016-05-12,39
121627,Venlafaxine,Depression,7,2014-12-07,48
15670,Ethinyl estradiol / norethindrone,Birth Control,7,2016-11-29,1
154213,Nexium,GERD,10,2012-12-04,59
118101,Tylox,Chronic Pain,9,2017-01-20,7
64303,Sertraline,Postpartum Depression,8,2016-09-29,16
155320,Metronidazole,Bacterial Infection,10,2015-10-07,3
200143,Varenicline,Smoking Cessation,10,2015-06-08,31
200586,Varenicline,Smoking Cessation,10,2011-03-21,4
231672,Trazodone,Insomnia,3,2015-08-23,28
77820,Moxifloxacin,Sinusitis,9,2016-03-18,14
9141,Cefuroxime,Pneumonia,8,2009-09-20,43
87264,Latuda,Schizoaffective Disorde,8,2012-09-07,35
2082,Metformin,Polycystic Ovary Syndrome,1,2016-10-31,8
100835,Orlistat,Obesity,10,2015-09-14,75
133016,Loestrin 24 Fe,Birth Control,10,2012-08-14,1
222184,Zytiga,Prostate Cance,4,2017-11-15,0
70405,Immune globulin intravenous and subcutaneous,Primary Immunodeficiency Syndrome,7,2013-12-05,3
42745,Xulane,Birth Control,9,2016-12-14,5
38733,Liletta,Birth Control,10,2016-02-11,2
9569,Lo Loestrin Fe,Birth Control,8,2016-03-03,9
134750,Reglan,Migraine,1,2017-09-10,4
139530,Armodafinil,Hypersomnia,4,2010-02-11,6
186429,Desvenlafaxine,Depression,10,2011-04-08,22
75552,Inderal LA,Mitral Valve Prolapse,6,2014-02-18,4
92690,Ondansetron,"Nausea/Vomiting, Postoperative",10,2009-11-04,14
96323,Sertraline,Anxiety and Stress,7,2010-05-25,28
9451,Lo Loestrin Fe,Birth Control,10,2016-09-06,3
11254,Drospirenone / ethinyl estradiol / levomefolate calcium,Birth Control,4,2011-07-11,0
